meta;archetype;card_name;card_identifier;total_count;max_count;deck_count;total_decks_in_archetype;percentage_in_archetype;set_code;set_name;set_number;rarity;type;image_url
Domestic;Alakazam Dudunsparce;Shaymin;DRI 10;3;1;3;3;100,0;DRI;;10;Uncommon;GBasic;https://limitlesstcg.nyc3.cdn.digitaloceanspaces.com/tpci/DRI/DRI_010_R_EN_LG.png
Domestic;Alakazam Dudunsparce;Psyduck;MEP 7;1;1;1;3;33,33;MEP;;7;;WBasic;https://limitlesstcg.nyc3.cdn.digitaloceanspaces.com/tpci/MEP/MEP_007_R_EN_LG.png
Domestic;Alakazam Dudunsparce;Abra;MEG 54;12;4;3;3;100,0;MEG;;54;Common;PBasic;https://limitlesstcg.nyc3.cdn.digitaloceanspaces.com/tpci/MEG/MEG_054_R_EN_LG.png
Domestic;Alakazam Dudunsparce;Alakazam;MEG 56;10;4;3;3;100,0;MEG;;56;Rare;PStage 2;https://limitlesstcg.nyc3.cdn.digitaloceanspaces.com/tpci/MEG/MEG_056_R_EN_LG.png
Domestic;Alakazam Dudunsparce;Kadabra;MEG 55;10;4;3;3;100,0;MEG;;55;Uncommon;PStage 1;https://limitlesstcg.nyc3.cdn.digitaloceanspaces.com/tpci/MEG/MEG_055_R_EN_LG.png
Domestic;Alakazam Dudunsparce;Fezandipiti ex;SFA 38;3;1;3;3;100,0;SFA;;38;Double Rare;DBasic;https://limitlesstcg.nyc3.cdn.digitaloceanspaces.com/tpci/SFA/SFA_038_R_EN_LG.png
Domestic;Alakazam Dudunsparce;Dunsparce;PAL 156;12;4;3;3;100,0;PAL;;156;Common;CBasic;https://limitlesstcg.nyc3.cdn.digitaloceanspaces.com/tpci/PAL/PAL_156_R_EN_LG.png
Domestic;Alakazam Dudunsparce;Fan Rotom;SCR 118;5;2;3;3;100,0;SCR;;118;Common;CBasic;https://limitlesstcg.nyc3.cdn.digitaloceanspaces.com/tpci/SCR/SCR_118_R_EN_LG.png
Domestic;Alakazam Dudunsparce;Dudunsparce;TEF 129;11;4;3;3;100,0;TEF;;129;Rare;CStage 1;https://limitlesstcg.nyc3.cdn.digitaloceanspaces.com/tpci/TEF/TEF_129_R_EN_LG.png
Domestic;Alakazam Dudunsparce;Psychic Energy;SVE 21;10;4;3;3;100,0;SVE;;21;Basic Energy;Energy;https://limitlesstcg.nyc3.cdn.digitaloceanspaces.com/tpci/SVE/SVE_021_R_EN_LG.png
Domestic;Alakazam Dudunsparce;Buddy-Buddy Poffin;PRE 101;12;4;3;3;100,0;PRE;;101;Uncommon;Item;https://limitlesstcg.nyc3.cdn.digitaloceanspaces.com/tpci/PRE/PRE_101_R_EN_LG.png
Domestic;Alakazam Dudunsparce;Enhanced Hammer;TWM 148;5;2;3;3;100,0;TWM;;148;Uncommon;Item;https://limitlesstcg.nyc3.cdn.digitaloceanspaces.com/tpci/TWM/TWM_148_R_EN_LG.png
Domestic;Alakazam Dudunsparce;Nest Ball;SVI 181;4;2;3;3;100,0;SVI;;181;Uncommon;Item;https://limitlesstcg.nyc3.cdn.digitaloceanspaces.com/tpci/SVI/SVI_181_R_EN_LG.png
Domestic;Alakazam Dudunsparce;Night Stretcher;SFA 61;6;2;3;3;100,0;SFA;;61;Uncommon;Item;https://limitlesstcg.nyc3.cdn.digitaloceanspaces.com/tpci/SFA/SFA_061_R_EN_LG.png
Domestic;Alakazam Dudunsparce;Rare Candy;MEG 125;9;3;3;3;100,0;MEG;;125;Common;Item;https://limitlesstcg.nyc3.cdn.digitaloceanspaces.com/tpci/MEG/MEG_125_R_EN_LG.png
Domestic;Alakazam Dudunsparce;Wondrous Patch;PFL 94;6;2;3;3;100,0;PFL;;94;Uncommon;Item;https://limitlesstcg.nyc3.cdn.digitaloceanspaces.com/tpci/PFL/PFL_094_R_EN_LG.png
Domestic;Alakazam Dudunsparce;Counter Catcher;PAR 160;2;1;2;3;66,67;PAR;;160;Uncommon;Item;https://limitlesstcg.nyc3.cdn.digitaloceanspaces.com/tpci/PAR/PAR_160_R_EN_LG.png
Domestic;Alakazam Dudunsparce;Dusk Ball;SSP 175;3;2;2;3;66,67;SSP;;175;Uncommon;Item;https://limitlesstcg.nyc3.cdn.digitaloceanspaces.com/tpci/SSP/SSP_175_R_EN_LG.png
Domestic;Alakazam Dudunsparce;Enriching Energy;SSP 191;3;1;3;3;100,0;SSP;;191;Ultra Rare;Special Energy;https://limitlesstcg.nyc3.cdn.digitaloceanspaces.com/tpci/SSP/SSP_191_R_EN_LG.png
Domestic;Alakazam Dudunsparce;Jet Energy;PAL 190;3;1;3;3;100,0;PAL;;190;Uncommon;Special Energy;https://limitlesstcg.nyc3.cdn.digitaloceanspaces.com/tpci/PAL/PAL_190_R_EN_LG.png
Domestic;Alakazam Dudunsparce;Battle Cage;PFL 85;10;4;3;3;100,0;PFL;;85;Uncommon;Stadium;https://limitlesstcg.nyc3.cdn.digitaloceanspaces.com/tpci/PFL/PFL_085_R_EN_LG.png
Domestic;Alakazam Dudunsparce;Artazon;PAL 171;2;1;2;3;66,67;PAL;;171;Uncommon;Stadium;https://limitlesstcg.nyc3.cdn.digitaloceanspaces.com/tpci/PAL/PAL_171_R_EN_LG.png
Domestic;Alakazam Dudunsparce;Boss's Orders;ASC 183;9;3;3;3;100,0;ASC;;183;Uncommon;Supporter;https://limitlesstcg.nyc3.cdn.digitaloceanspaces.com/tpci/ASC/ASC_183_R_EN_LG.png
Domestic;Alakazam Dudunsparce;Dawn;PFL 87;10;4;3;3;100,0;PFL;;87;Uncommon;Supporter;https://limitlesstcg.nyc3.cdn.digitaloceanspaces.com/tpci/PFL/PFL_087_R_EN_LG.png
Domestic;Alakazam Dudunsparce;Hilda;WHT 84;11;4;3;3;100,0;WHT;;84;Uncommon;Supporter;https://limitlesstcg.nyc3.cdn.digitaloceanspaces.com/tpci/WHT/WHT_084_R_EN_LG.png
Domestic;Alakazam Dudunsparce;Tulip;PAR 181;3;1;3;3;100,0;PAR;;181;Uncommon;Supporter;https://limitlesstcg.nyc3.cdn.digitaloceanspaces.com/tpci/PAR/PAR_181_R_EN_LG.png
Domestic;Alakazam Dudunsparce;Colress's Tenacity;SFA 57;2;1;2;3;66,67;SFA;;57;Uncommon;Supporter;https://limitlesstcg.nyc3.cdn.digitaloceanspaces.com/tpci/SFA/SFA_057_R_EN_LG.png
Domestic;Alakazam Dudunsparce;Giacomo;PAL 182;1;1;1;3;33,33;PAL;;182;Uncommon;Supporter;https://limitlesstcg.nyc3.cdn.digitaloceanspaces.com/tpci/PAL/PAL_182_R_EN_LG.png
Domestic;Alakazam Dudunsparce;Lillie's Determination;ASC 192;2;2;1;3;33,33;ASC;;192;Uncommon;Supporter;https://limitlesstcg.nyc3.cdn.digitaloceanspaces.com/tpci/ASC/ASC_192_R_EN_LG.png
Domestic;Charizard Noctowl;Charmander;PFL 11;9;2;3;3;100,0;PFL;;11;Common;RBasic;https://limitlesstcg.nyc3.cdn.digitaloceanspaces.com/tpci/PFL/PFL_011_R_EN_LG.png
Domestic;Charizard Noctowl;Charmeleon;PFL 12;3;1;3;3;100,0;PFL;;12;Common;RStage 1;https://limitlesstcg.nyc3.cdn.digitaloceanspaces.com/tpci/PFL/PFL_012_R_EN_LG.png
Domestic;Charizard Noctowl;Duskull;PRE 35;6;2;3;3;100,0;PRE;;35;Common;PBasic;https://limitlesstcg.nyc3.cdn.digitaloceanspaces.com/tpci/PRE/PRE_035_R_EN_LG.png
Domestic;Charizard Noctowl;Klefki;SVI 96;1;1;1;3;33,33;SVI;;96;Rare;PBasic;https://limitlesstcg.nyc3.cdn.digitaloceanspaces.com/tpci/SVI/SVI_096_R_EN_LG.png
Domestic;Charizard Noctowl;Dusclops;PRE 36;3;1;3;3;100,0;PRE;;36;Common;PStage 1;https://limitlesstcg.nyc3.cdn.digitaloceanspaces.com/tpci/PRE/PRE_036_R_EN_LG.png
Domestic;Charizard Noctowl;Dusknoir;PRE 37;3;1;3;3;100,0;PRE;;37;Rare;PStage 2;https://limitlesstcg.nyc3.cdn.digitaloceanspaces.com/tpci/PRE/PRE_037_R_EN_LG.png
Domestic;Charizard Noctowl;Fezandipiti ex;SFA 38;3;1;3;3;100,0;SFA;;38;Double Rare;DBasic;https://limitlesstcg.nyc3.cdn.digitaloceanspaces.com/tpci/SFA/SFA_038_R_EN_LG.png
Domestic;Charizard Noctowl;Charizard ex;OBF 125;6;2;3;3;100,0;OBF;;125;Double Rare;DStage 2;https://limitlesstcg.nyc3.cdn.digitaloceanspaces.com/tpci/OBF/OBF_125_R_EN_LG.png
Domestic;Charizard Noctowl;Ditto;MEW 132;3;1;3;3;100,0;MEW;;132;Rare;CBasic;https://limitlesstcg.nyc3.cdn.digitaloceanspaces.com/tpci/MEW/MEW_132_R_EN_LG.png
Domestic;Charizard Noctowl;Fan Rotom;SCR 118;6;2;3;3;100,0;SCR;;118;Common;CBasic;https://limitlesstcg.nyc3.cdn.digitaloceanspaces.com/tpci/SCR/SCR_118_R_EN_LG.png
Domestic;Charizard Noctowl;Hoothoot;SCR 114;9;3;3;3;100,0;SCR;;114;Common;CBasic;https://limitlesstcg.nyc3.cdn.digitaloceanspaces.com/tpci/SCR/SCR_114_R_EN_LG.png
Domestic;Charizard Noctowl;Pidgey;MEW 16;6;2;3;3;100,0;MEW;;16;Common;CBasic;https://limitlesstcg.nyc3.cdn.digitaloceanspaces.com/tpci/MEW/MEW_016_R_EN_LG.png
Domestic;Charizard Noctowl;Terapagos ex;SCR 128;6;2;3;3;100,0;SCR;;128;Double Rare;CBasic;https://limitlesstcg.nyc3.cdn.digitaloceanspaces.com/tpci/SCR/SCR_128_R_EN_LG.png
Domestic;Charizard Noctowl;Noctowl;SCR 115;9;3;3;3;100,0;SCR;;115;Rare;CStage 1;https://limitlesstcg.nyc3.cdn.digitaloceanspaces.com/tpci/SCR/SCR_115_R_EN_LG.png
Domestic;Charizard Noctowl;Pidgeot ex;OBF 164;6;2;3;3;100,0;OBF;;164;Double Rare;CStage 2;https://limitlesstcg.nyc3.cdn.digitaloceanspaces.com/tpci/OBF/OBF_164_R_EN_LG.png
Domestic;Charizard Noctowl;Pidgeotto;OBF 163;2;1;2;3;66,67;OBF;;163;Uncommon;CStage 1;https://limitlesstcg.nyc3.cdn.digitaloceanspaces.com/tpci/OBF/OBF_163_R_EN_LG.png
Domestic;Charizard Noctowl;Fire Energy;SVE 18;15;5;3;3;100,0;SVE;;18;Basic Energy;Energy;https://limitlesstcg.nyc3.cdn.digitaloceanspaces.com/tpci/SVE/SVE_018_R_EN_LG.png
Domestic;Charizard Noctowl;Buddy-Buddy Poffin;PRE 101;12;4;3;3;100,0;PRE;;101;Uncommon;Item;https://limitlesstcg.nyc3.cdn.digitaloceanspaces.com/tpci/PRE/PRE_101_R_EN_LG.png
Domestic;Charizard Noctowl;Nest Ball;SVI 181;9;3;3;3;100,0;SVI;;181;Uncommon;Item;https://limitlesstcg.nyc3.cdn.digitaloceanspaces.com/tpci/SVI/SVI_181_R_EN_LG.png
Domestic;Charizard Noctowl;Night Stretcher;SFA 61;3;1;3;3;100,0;SFA;;61;Uncommon;Item;https://limitlesstcg.nyc3.cdn.digitaloceanspaces.com/tpci/SFA/SFA_061_R_EN_LG.png
Domestic;Charizard Noctowl;Rare Candy;MEG 125;12;4;3;3;100,0;MEG;;125;Common;Item;https://limitlesstcg.nyc3.cdn.digitaloceanspaces.com/tpci/MEG/MEG_125_R_EN_LG.png
Domestic;Charizard Noctowl;Super Rod;PAL 188;3;1;3;3;100,0;PAL;;188;Common;Item;https://limitlesstcg.nyc3.cdn.digitaloceanspaces.com/tpci/PAL/PAL_188_R_EN_LG.png
Domestic;Charizard Noctowl;Ultra Ball;ASC 213;3;1;3;3;100,0;ASC;;213;Common;Item;https://limitlesstcg.nyc3.cdn.digitaloceanspaces.com/tpci/ASC/ASC_213_R_EN_LG.png
Domestic;Charizard Noctowl;Prime Catcher;PRE 119;2;1;2;3;66,67;PRE;;119;Ultra Rare;Item;https://limitlesstcg.nyc3.cdn.digitaloceanspaces.com/tpci/PRE/PRE_119_R_EN_LG.png
Domestic;Charizard Noctowl;Counter Catcher;PAR 160;1;1;1;3;33,33;PAR;;160;Uncommon;Item;https://limitlesstcg.nyc3.cdn.digitaloceanspaces.com/tpci/PAR/PAR_160_R_EN_LG.png
Domestic;Charizard Noctowl;Unfair Stamp;TWM 165;1;1;1;3;33,33;TWM;;165;Ultra Rare;Item;https://limitlesstcg.nyc3.cdn.digitaloceanspaces.com/tpci/TWM/TWM_165_R_EN_LG.png
Domestic;Charizard Noctowl;Jet Energy;PAL 190;6;2;3;3;100,0;PAL;;190;Uncommon;Special Energy;https://limitlesstcg.nyc3.cdn.digitaloceanspaces.com/tpci/PAL/PAL_190_R_EN_LG.png
Domestic;Charizard Noctowl;Area Zero Underdepths;PRE 94;6;2;3;3;100,0;PRE;;94;Uncommon;Stadium;https://limitlesstcg.nyc3.cdn.digitaloceanspaces.com/tpci/PRE/PRE_094_R_EN_LG.png
Domestic;Charizard Noctowl;Boss's Orders;ASC 183;6;2;3;3;100,0;ASC;;183;Uncommon;Supporter;https://limitlesstcg.nyc3.cdn.digitaloceanspaces.com/tpci/ASC/ASC_183_R_EN_LG.png
Domestic;Charizard Noctowl;Briar;PRE 100;3;1;3;3;100,0;PRE;;100;Uncommon;Supporter;https://limitlesstcg.nyc3.cdn.digitaloceanspaces.com/tpci/PRE/PRE_100_R_EN_LG.png
Domestic;Charizard Noctowl;Dawn;PFL 87;12;4;3;3;100,0;PFL;;87;Uncommon;Supporter;https://limitlesstcg.nyc3.cdn.digitaloceanspaces.com/tpci/PFL/PFL_087_R_EN_LG.png
Domestic;Charizard Noctowl;Iono;PAL 185;5;2;3;3;100,0;PAL;;185;Uncommon;Supporter;https://limitlesstcg.nyc3.cdn.digitaloceanspaces.com/tpci/PAL/PAL_185_R_EN_LG.png
Domestic;Charizard Pidgeot;Shaymin;DRI 10;3;1;3;3;100,0;DRI;;10;Uncommon;GBasic;https://limitlesstcg.nyc3.cdn.digitaloceanspaces.com/tpci/DRI/DRI_010_R_EN_LG.png
Domestic;Charizard Pidgeot;Charmander;PAF 7;9;3;3;3;100,0;PAF;;7;Common;RBasic;https://limitlesstcg.nyc3.cdn.digitaloceanspaces.com/tpci/PAF/PAF_007_R_EN_LG.png
Domestic;Charizard Pidgeot;Chi-Yu;PAR 29;3;1;3;3;100,0;PAR;;29;Rare;RBasic;https://limitlesstcg.nyc3.cdn.digitaloceanspaces.com/tpci/PAR/PAR_029_R_EN_LG.png
Domestic;Charizard Pidgeot;Gouging Fire ex;TEF 38;1;1;1;3;33,33;TEF;;38;Double Rare;RBasic;https://limitlesstcg.nyc3.cdn.digitaloceanspaces.com/tpci/TEF/TEF_038_R_EN_LG.png
Domestic;Charizard Pidgeot;Charmeleon;PFL 12;6;2;3;3;100,0;PFL;;12;Common;RStage 1;https://limitlesstcg.nyc3.cdn.digitaloceanspaces.com/tpci/PFL/PFL_012_R_EN_LG.png
Domestic;Charizard Pidgeot;Psyduck;MEP 7;3;1;3;3;100,0;MEP;;7;;WBasic;https://limitlesstcg.nyc3.cdn.digitaloceanspaces.com/tpci/MEP/MEP_007_R_EN_LG.png
Domestic;Charizard Pidgeot;Munkidori;TWM 95;5;2;3;3;100,0;TWM;;95;Rare;PBasic;https://limitlesstcg.nyc3.cdn.digitaloceanspaces.com/tpci/TWM/TWM_095_R_EN_LG.png
Domestic;Charizard Pidgeot;Fezandipiti ex;SFA 38;3;1;3;3;100,0;SFA;;38;Double Rare;DBasic;https://limitlesstcg.nyc3.cdn.digitaloceanspaces.com/tpci/SFA/SFA_038_R_EN_LG.png
Domestic;Charizard Pidgeot;Charizard ex;OBF 125;6;2;3;3;100,0;OBF;;125;Double Rare;DStage 2;https://limitlesstcg.nyc3.cdn.digitaloceanspaces.com/tpci/OBF/OBF_125_R_EN_LG.png
Domestic;Charizard Pidgeot;Tatsugiri;TWM 131;3;1;3;3;100,0;TWM;;131;Uncommon;NBasic;https://limitlesstcg.nyc3.cdn.digitaloceanspaces.com/tpci/TWM/TWM_131_R_EN_LG.png
Domestic;Charizard Pidgeot;Pidgey;MEW 16;6;2;3;3;100,0;MEW;;16;Common;CBasic;https://limitlesstcg.nyc3.cdn.digitaloceanspaces.com/tpci/MEW/MEW_016_R_EN_LG.png
Domestic;Charizard Pidgeot;Pidgeot ex;OBF 164;6;2;3;3;100,0;OBF;;164;Double Rare;CStage 2;https://limitlesstcg.nyc3.cdn.digitaloceanspaces.com/tpci/OBF/OBF_164_R_EN_LG.png
Domestic;Charizard Pidgeot;Pidgeotto;MEW 17;5;2;3;3;100,0;MEW;;17;Common;CStage 1;https://limitlesstcg.nyc3.cdn.digitaloceanspaces.com/tpci/MEW/MEW_017_R_EN_LG.png
Domestic;Charizard Pidgeot;Darkness Energy;SVE 23;5;2;3;3;100,0;SVE;;23;Basic Energy;Energy;https://limitlesstcg.nyc3.cdn.digitaloceanspaces.com/tpci/SVE/SVE_023_R_EN_LG.png
Domestic;Charizard Pidgeot;Fire Energy;SVE 18;15;5;3;3;100,0;SVE;;18;Basic Energy;Energy;https://limitlesstcg.nyc3.cdn.digitaloceanspaces.com/tpci/SVE/SVE_018_R_EN_LG.png
Domestic;Charizard Pidgeot;Buddy-Buddy Poffin;PRE 101;12;4;3;3;100,0;PRE;;101;Uncommon;Item;https://limitlesstcg.nyc3.cdn.digitaloceanspaces.com/tpci/PRE/PRE_101_R_EN_LG.png
Domestic;Charizard Pidgeot;Counter Catcher;PAR 160;3;1;3;3;100,0;PAR;;160;Uncommon;Item;https://limitlesstcg.nyc3.cdn.digitaloceanspaces.com/tpci/PAR/PAR_160_R_EN_LG.png
Domestic;Charizard Pidgeot;Rare Candy;MEG 125;6;2;3;3;100,0;MEG;;125;Common;Item;https://limitlesstcg.nyc3.cdn.digitaloceanspaces.com/tpci/MEG/MEG_125_R_EN_LG.png
Domestic;Charizard Pidgeot;Super Rod;PAL 188;6;2;3;3;100,0;PAL;;188;Common;Item;https://limitlesstcg.nyc3.cdn.digitaloceanspaces.com/tpci/PAL/PAL_188_R_EN_LG.png
Domestic;Charizard Pidgeot;Ultra Ball;ASC 213;9;3;3;3;100,0;ASC;;213;Common;Item;https://limitlesstcg.nyc3.cdn.digitaloceanspaces.com/tpci/ASC/ASC_213_R_EN_LG.png
Domestic;Charizard Pidgeot;Unfair Stamp;TWM 165;3;1;3;3;100,0;TWM;;165;Ultra Rare;Item;https://limitlesstcg.nyc3.cdn.digitaloceanspaces.com/tpci/TWM/TWM_165_R_EN_LG.png
Domestic;Charizard Pidgeot;Energy Search;SSH 161;1;1;1;3;33,33;SSH;;161;Uncommon;Item;https://limitlesstcg.nyc3.cdn.digitaloceanspaces.com/tpci/SSH/SSH_161_R_EN_LG.png
Domestic;Charizard Pidgeot;Jet Energy;PAL 190;3;1;3;3;100,0;PAL;;190;Uncommon;Special Energy;https://limitlesstcg.nyc3.cdn.digitaloceanspaces.com/tpci/PAL/PAL_190_R_EN_LG.png
Domestic;Charizard Pidgeot;Mist Energy;TEF 161;4;2;3;3;100,0;TEF;;161;Uncommon;Special Energy;https://limitlesstcg.nyc3.cdn.digitaloceanspaces.com/tpci/TEF/TEF_161_R_EN_LG.png
Domestic;Charizard Pidgeot;Battle Cage;PFL 85;4;2;2;3;66,67;PFL;;85;Uncommon;Stadium;https://limitlesstcg.nyc3.cdn.digitaloceanspaces.com/tpci/PFL/PFL_085_R_EN_LG.png
Domestic;Charizard Pidgeot;Artazon;PAL 171;2;2;1;3;33,33;PAL;;171;Uncommon;Stadium;https://limitlesstcg.nyc3.cdn.digitaloceanspaces.com/tpci/PAL/PAL_171_R_EN_LG.png
Domestic;Charizard Pidgeot;Arven;SVI 166;7;3;3;3;100,0;SVI;;166;Uncommon;Supporter;https://limitlesstcg.nyc3.cdn.digitaloceanspaces.com/tpci/SVI/SVI_166_R_EN_LG.png
Domestic;Charizard Pidgeot;Boss's Orders;ASC 183;9;3;3;3;100,0;ASC;;183;Uncommon;Supporter;https://limitlesstcg.nyc3.cdn.digitaloceanspaces.com/tpci/ASC/ASC_183_R_EN_LG.png
Domestic;Charizard Pidgeot;Iono;PAL 185;6;2;3;3;100,0;PAL;;185;Uncommon;Supporter;https://limitlesstcg.nyc3.cdn.digitaloceanspaces.com/tpci/PAL/PAL_185_R_EN_LG.png
Domestic;Charizard Pidgeot;Lillie's Determination;ASC 192;8;4;3;3;100,0;ASC;;192;Uncommon;Supporter;https://limitlesstcg.nyc3.cdn.digitaloceanspaces.com/tpci/ASC/ASC_192_R_EN_LG.png
Domestic;Charizard Pidgeot;Professor Turo's Scenario;PRE 121;3;1;3;3;100,0;PRE;;121;Uncommon;Supporter;https://limitlesstcg.nyc3.cdn.digitaloceanspaces.com/tpci/PRE/PRE_121_R_EN_LG.png
Domestic;Charizard Pidgeot;Dawn;PFL 87;8;4;2;3;66,67;PFL;;87;Uncommon;Supporter;https://limitlesstcg.nyc3.cdn.digitaloceanspaces.com/tpci/PFL/PFL_087_R_EN_LG.png
Domestic;Charizard Pidgeot;Technical Machine: Evolution;PAR 178;6;2;3;3;100,0;PAR;;178;Uncommon;Tool;https://limitlesstcg.nyc3.cdn.digitaloceanspaces.com/tpci/PAR/PAR_178_R_EN_LG.png
Domestic;Charizard Pidgeot;Defiance Band;SVI 169;1;1;1;3;33,33;SVI;;169;Uncommon;Tool;https://limitlesstcg.nyc3.cdn.digitaloceanspaces.com/tpci/SVI/SVI_169_R_EN_LG.png
Domestic;Dragapult Dusknoir;Budew;PRE 4;6;2;3;3;100,0;PRE;;4;Common;GBasic;https://limitlesstcg.nyc3.cdn.digitaloceanspaces.com/tpci/PRE/PRE_004_R_EN_LG.png
Domestic;Dragapult Dusknoir;Moltres;PFL 14;1;1;1;3;33,33;PFL;;14;Rare;RBasic;https://limitlesstcg.nyc3.cdn.digitaloceanspaces.com/tpci/PFL/PFL_014_R_EN_LG.png
Domestic;Dragapult Dusknoir;Duskull;PRE 35;6;2;3;3;100,0;PRE;;35;Common;PBasic;https://limitlesstcg.nyc3.cdn.digitaloceanspaces.com/tpci/PRE/PRE_035_R_EN_LG.png
Domestic;Dragapult Dusknoir;Latias ex;SSP 76;3;1;3;3;100,0;SSP;;76;Double Rare;PBasic;https://limitlesstcg.nyc3.cdn.digitaloceanspaces.com/tpci/SSP/SSP_076_R_EN_LG.png
Domestic;Dragapult Dusknoir;Munkidori;TWM 95;3;1;3;3;100,0;TWM;;95;Rare;PBasic;https://limitlesstcg.nyc3.cdn.digitaloceanspaces.com/tpci/TWM/TWM_095_R_EN_LG.png
Domestic;Dragapult Dusknoir;Dusclops;PRE 36;5;2;3;3;100,0;PRE;;36;Common;PStage 1;https://limitlesstcg.nyc3.cdn.digitaloceanspaces.com/tpci/PRE/PRE_036_R_EN_LG.png
Domestic;Dragapult Dusknoir;Dusknoir;PRE 37;3;1;3;3;100,0;PRE;;37;Rare;PStage 2;https://limitlesstcg.nyc3.cdn.digitaloceanspaces.com/tpci/PRE/PRE_037_R_EN_LG.png
Domestic;Dragapult Dusknoir;Hawlucha;SVI 118;3;1;3;3;100,0;SVI;;118;Rare;FBasic;https://limitlesstcg.nyc3.cdn.digitaloceanspaces.com/tpci/SVI/SVI_118_R_EN_LG.png
Domestic;Dragapult Dusknoir;Fezandipiti ex;SFA 38;3;1;3;3;100,0;SFA;;38;Double Rare;DBasic;https://limitlesstcg.nyc3.cdn.digitaloceanspaces.com/tpci/SFA/SFA_038_R_EN_LG.png
Domestic;Dragapult Dusknoir;Dreepy;TWM 128;12;4;3;3;100,0;TWM;;128;Common;NBasic;https://limitlesstcg.nyc3.cdn.digitaloceanspaces.com/tpci/TWM/TWM_128_R_EN_LG.png
Domestic;Dragapult Dusknoir;Dragapult ex;TWM 130;7;3;3;3;100,0;TWM;;130;Double Rare;NStage 2;https://limitlesstcg.nyc3.cdn.digitaloceanspaces.com/tpci/TWM/TWM_130_R_EN_LG.png
Domestic;Dragapult Dusknoir;Drakloak;TWM 129;12;4;3;3;100,0;TWM;;129;Common;NStage 1;https://limitlesstcg.nyc3.cdn.digitaloceanspaces.com/tpci/TWM/TWM_129_R_EN_LG.png
Domestic;Dragapult Dusknoir;Bloodmoon Ursaluna ex;TWM 141;2;1;2;3;66,67;TWM;;141;Double Rare;CBasic;https://limitlesstcg.nyc3.cdn.digitaloceanspaces.com/tpci/TWM/TWM_141_R_EN_LG.png
Domestic;Dragapult Dusknoir;Fire Energy;SVE 18;4;2;3;3;100,0;SVE;;18;Basic Energy;Energy;https://limitlesstcg.nyc3.cdn.digitaloceanspaces.com/tpci/SVE/SVE_018_R_EN_LG.png
Domestic;Dragapult Dusknoir;Psychic Energy;SVE 21;5;2;3;3;100,0;SVE;;21;Basic Energy;Energy;https://limitlesstcg.nyc3.cdn.digitaloceanspaces.com/tpci/SVE/SVE_021_R_EN_LG.png
Domestic;Dragapult Dusknoir;Buddy-Buddy Poffin;PRE 101;12;4;3;3;100,0;PRE;;101;Uncommon;Item;https://limitlesstcg.nyc3.cdn.digitaloceanspaces.com/tpci/PRE/PRE_101_R_EN_LG.png
Domestic;Dragapult Dusknoir;Counter Catcher;PAR 160;9;3;3;3;100,0;PAR;;160;Uncommon;Item;https://limitlesstcg.nyc3.cdn.digitaloceanspaces.com/tpci/PAR/PAR_160_R_EN_LG.png
Domestic;Dragapult Dusknoir;Night Stretcher;SFA 61;7;3;3;3;100,0;SFA;;61;Uncommon;Item;https://limitlesstcg.nyc3.cdn.digitaloceanspaces.com/tpci/SFA/SFA_061_R_EN_LG.png
Domestic;Dragapult Dusknoir;Ultra Ball;ASC 213;11;4;3;3;100,0;ASC;;213;Common;Item;https://limitlesstcg.nyc3.cdn.digitaloceanspaces.com/tpci/ASC/ASC_213_R_EN_LG.png
Domestic;Dragapult Dusknoir;Nest Ball;SVI 181;2;1;2;3;66,67;SVI;;181;Uncommon;Item;https://limitlesstcg.nyc3.cdn.digitaloceanspaces.com/tpci/SVI/SVI_181_R_EN_LG.png
Domestic;Dragapult Dusknoir;Rare Candy;MEG 125;4;2;2;3;66,67;MEG;;125;Common;Item;https://limitlesstcg.nyc3.cdn.digitaloceanspaces.com/tpci/MEG/MEG_125_R_EN_LG.png
Domestic;Dragapult Dusknoir;Poké Pad;ASC 198;2;2;1;3;33,33;ASC;;198;Common;Item;https://limitlesstcg.nyc3.cdn.digitaloceanspaces.com/tpci/ASC/ASC_198_R_EN_LG.png
Domestic;Dragapult Dusknoir;Luminous Energy;PAL 191;9;3;3;3;100,0;PAL;;191;Uncommon;Special Energy;https://limitlesstcg.nyc3.cdn.digitaloceanspaces.com/tpci/PAL/PAL_191_R_EN_LG.png
Domestic;Dragapult Dusknoir;Neo Upper Energy;TEF 162;3;1;3;3;100,0;TEF;;162;Ultra Rare;Special Energy;https://limitlesstcg.nyc3.cdn.digitaloceanspaces.com/tpci/TEF/TEF_162_R_EN_LG.png
Domestic;Dragapult Dusknoir;Jamming Tower;TWM 153;4;2;2;3;66,67;TWM;;153;Uncommon;Stadium;https://limitlesstcg.nyc3.cdn.digitaloceanspaces.com/tpci/TWM/TWM_153_R_EN_LG.png
Domestic;Dragapult Dusknoir;Team Rocket's Watchtower;ASC 210;2;2;1;3;33,33;ASC;;210;Uncommon;Stadium;https://limitlesstcg.nyc3.cdn.digitaloceanspaces.com/tpci/ASC/ASC_210_R_EN_LG.png
Domestic;Dragapult Dusknoir;Boss's Orders;ASC 183;7;3;3;3;100,0;ASC;;183;Uncommon;Supporter;https://limitlesstcg.nyc3.cdn.digitaloceanspaces.com/tpci/ASC/ASC_183_R_EN_LG.png
Domestic;Dragapult Dusknoir;Iono;PAL 185;12;4;3;3;100,0;PAL;;185;Uncommon;Supporter;https://limitlesstcg.nyc3.cdn.digitaloceanspaces.com/tpci/PAL/PAL_185_R_EN_LG.png
Domestic;Dragapult Dusknoir;Lillie's Determination;ASC 192;12;4;3;3;100,0;ASC;;192;Uncommon;Supporter;https://limitlesstcg.nyc3.cdn.digitaloceanspaces.com/tpci/ASC/ASC_192_R_EN_LG.png
Domestic;Dragapult Dusknoir;Hilda;WHT 84;2;1;2;3;66,67;WHT;;84;Uncommon;Supporter;https://limitlesstcg.nyc3.cdn.digitaloceanspaces.com/tpci/WHT/WHT_084_R_EN_LG.png
Domestic;Dragapult Dusknoir;Professor's Research;PRE 122;4;3;2;3;66,67;PRE;;122;Common;Supporter;https://limitlesstcg.nyc3.cdn.digitaloceanspaces.com/tpci/PRE/PRE_122_R_EN_LG.png
Domestic;Dragapult Dusknoir;Dawn;PFL 87;1;1;1;3;33,33;PFL;;87;Uncommon;Supporter;https://limitlesstcg.nyc3.cdn.digitaloceanspaces.com/tpci/PFL/PFL_087_R_EN_LG.png
Domestic;Dragapult Dusknoir;Professor Turo's Scenario;PRE 121;1;1;1;3;33,33;PRE;;121;Uncommon;Supporter;https://limitlesstcg.nyc3.cdn.digitaloceanspaces.com/tpci/PRE/PRE_121_R_EN_LG.png
Domestic;Dragapult Dusknoir;Defiance Band;SVI 169;1;1;1;3;33,33;SVI;;169;Uncommon;Tool;https://limitlesstcg.nyc3.cdn.digitaloceanspaces.com/tpci/SVI/SVI_169_R_EN_LG.png
Domestic;Gardevoir Jellicent;Frillish;WHT 44;6;2;3;3;100,0;WHT;;44;Common;PBasic;https://limitlesstcg.nyc3.cdn.digitaloceanspaces.com/tpci/WHT/WHT_044_R_EN_LG.png
Domestic;Gardevoir Jellicent;Latias ex;SSP 76;3;1;3;3;100,0;SSP;;76;Double Rare;PBasic;https://limitlesstcg.nyc3.cdn.digitaloceanspaces.com/tpci/SSP/SSP_076_R_EN_LG.png
Domestic;Gardevoir Jellicent;Lillie's Clefairy ex;JTG 56;3;1;3;3;100,0;JTG;;56;Double Rare;PBasic;https://limitlesstcg.nyc3.cdn.digitaloceanspaces.com/tpci/JTG/JTG_056_R_EN_LG.png
Domestic;Gardevoir Jellicent;Mega Diancie ex;PFL 41;3;1;3;3;100,0;PFL;;41;Double Rare;PBasic;https://limitlesstcg.nyc3.cdn.digitaloceanspaces.com/tpci/PFL/PFL_041_R_EN_LG.png
Domestic;Gardevoir Jellicent;Mew ex;MEW 151;3;1;3;3;100,0;MEW;;151;Double Rare;PBasic;https://limitlesstcg.nyc3.cdn.digitaloceanspaces.com/tpci/MEW/MEW_151_R_EN_LG.png
Domestic;Gardevoir Jellicent;Munkidori;TWM 95;9;3;3;3;100,0;TWM;;95;Rare;PBasic;https://limitlesstcg.nyc3.cdn.digitaloceanspaces.com/tpci/TWM/TWM_095_R_EN_LG.png
Domestic;Gardevoir Jellicent;Ralts;MEG 58;8;3;3;3;100,0;MEG;;58;Common;PBasic;https://limitlesstcg.nyc3.cdn.digitaloceanspaces.com/tpci/MEG/MEG_058_R_EN_LG.png
Domestic;Gardevoir Jellicent;Scream Tail;PAR 86;3;1;3;3;100,0;PAR;;86;Uncommon;PBasic;https://limitlesstcg.nyc3.cdn.digitaloceanspaces.com/tpci/PAR/PAR_086_R_EN_LG.png
Domestic;Gardevoir Jellicent;Gardevoir ex;SVI 86;6;2;3;3;100,0;SVI;;86;Double Rare;PStage 2;https://limitlesstcg.nyc3.cdn.digitaloceanspaces.com/tpci/SVI/SVI_086_R_EN_LG.png
Domestic;Gardevoir Jellicent;Jellicent ex;WHT 45;3;1;3;3;100,0;WHT;;45;Double Rare;PStage 1;https://limitlesstcg.nyc3.cdn.digitaloceanspaces.com/tpci/WHT/WHT_045_R_EN_LG.png
Domestic;Gardevoir Jellicent;Kirlia;MEG 59;3;1;3;3;100,0;MEG;;59;Common;PStage 1;https://limitlesstcg.nyc3.cdn.digitaloceanspaces.com/tpci/MEG/MEG_059_R_EN_LG.png
Domestic;Gardevoir Jellicent;Fezandipiti ex;SFA 38;3;1;3;3;100,0;SFA;;38;Double Rare;DBasic;https://limitlesstcg.nyc3.cdn.digitaloceanspaces.com/tpci/SFA/SFA_038_R_EN_LG.png
Domestic;Gardevoir Jellicent;Darkness Energy;SVE 23;9;3;3;3;100,0;SVE;;23;Basic Energy;Energy;https://limitlesstcg.nyc3.cdn.digitaloceanspaces.com/tpci/SVE/SVE_023_R_EN_LG.png
Domestic;Gardevoir Jellicent;Psychic Energy;SVE 21;21;7;3;3;100,0;SVE;;21;Basic Energy;Energy;https://limitlesstcg.nyc3.cdn.digitaloceanspaces.com/tpci/SVE/SVE_021_R_EN_LG.png
Domestic;Gardevoir Jellicent;Counter Catcher;PAR 160;6;2;3;3;100,0;PAR;;160;Uncommon;Item;https://limitlesstcg.nyc3.cdn.digitaloceanspaces.com/tpci/PAR/PAR_160_R_EN_LG.png
Domestic;Gardevoir Jellicent;Earthen Vessel;PRE 106;9;3;3;3;100,0;PRE;;106;Uncommon;Item;https://limitlesstcg.nyc3.cdn.digitaloceanspaces.com/tpci/PRE/PRE_106_R_EN_LG.png
Domestic;Gardevoir Jellicent;Nest Ball;SVI 181;7;3;3;3;100,0;SVI;;181;Uncommon;Item;https://limitlesstcg.nyc3.cdn.digitaloceanspaces.com/tpci/SVI/SVI_181_R_EN_LG.png
Domestic;Gardevoir Jellicent;Night Stretcher;SFA 61;6;2;3;3;100,0;SFA;;61;Uncommon;Item;https://limitlesstcg.nyc3.cdn.digitaloceanspaces.com/tpci/SFA/SFA_061_R_EN_LG.png
Domestic;Gardevoir Jellicent;Rare Candy;MEG 125;9;3;3;3;100,0;MEG;;125;Common;Item;https://limitlesstcg.nyc3.cdn.digitaloceanspaces.com/tpci/MEG/MEG_125_R_EN_LG.png
Domestic;Gardevoir Jellicent;Secret Box;TWM 163;3;1;3;3;100,0;TWM;;163;Ultra Rare;Item;https://limitlesstcg.nyc3.cdn.digitaloceanspaces.com/tpci/TWM/TWM_163_R_EN_LG.png
Domestic;Gardevoir Jellicent;Super Rod;PAL 188;3;1;3;3;100,0;PAL;;188;Common;Item;https://limitlesstcg.nyc3.cdn.digitaloceanspaces.com/tpci/PAL/PAL_188_R_EN_LG.png
Domestic;Gardevoir Jellicent;Ultra Ball;ASC 213;12;4;3;3;100,0;ASC;;213;Common;Item;https://limitlesstcg.nyc3.cdn.digitaloceanspaces.com/tpci/ASC/ASC_213_R_EN_LG.png
Domestic;Gardevoir Jellicent;Artazon;PAL 171;4;2;3;3;100,0;PAL;;171;Uncommon;Stadium;https://limitlesstcg.nyc3.cdn.digitaloceanspaces.com/tpci/PAL/PAL_171_R_EN_LG.png
Domestic;Gardevoir Jellicent;Mystery Garden;ASC 194;2;1;2;3;66,67;ASC;;194;Uncommon;Stadium;https://limitlesstcg.nyc3.cdn.digitaloceanspaces.com/tpci/ASC/ASC_194_R_EN_LG.png
Domestic;Gardevoir Jellicent;Team Rocket's Watchtower;ASC 210;1;1;1;3;33,33;ASC;;210;Uncommon;Stadium;https://limitlesstcg.nyc3.cdn.digitaloceanspaces.com/tpci/ASC/ASC_210_R_EN_LG.png
Domestic;Gardevoir Jellicent;Iono;PAL 185;12;4;3;3;100,0;PAL;;185;Uncommon;Supporter;https://limitlesstcg.nyc3.cdn.digitaloceanspaces.com/tpci/PAL/PAL_185_R_EN_LG.png
Domestic;Gardevoir Jellicent;Lillie's Determination;ASC 192;12;4;3;3;100,0;ASC;;192;Uncommon;Supporter;https://limitlesstcg.nyc3.cdn.digitaloceanspaces.com/tpci/ASC/ASC_192_R_EN_LG.png
Domestic;Gardevoir Jellicent;Professor Turo's Scenario;PRE 121;3;1;3;3;100,0;PRE;;121;Uncommon;Supporter;https://limitlesstcg.nyc3.cdn.digitaloceanspaces.com/tpci/PRE/PRE_121_R_EN_LG.png
Domestic;Gardevoir Jellicent;Arven;SVI 166;2;1;2;3;66,67;SVI;;166;Uncommon;Supporter;https://limitlesstcg.nyc3.cdn.digitaloceanspaces.com/tpci/SVI/SVI_166_R_EN_LG.png
Domestic;Gardevoir Jellicent;Bravery Charm;PAL 173;3;1;3;3;100,0;PAL;;173;Uncommon;Tool;https://limitlesstcg.nyc3.cdn.digitaloceanspaces.com/tpci/PAL/PAL_173_R_EN_LG.png
Domestic;Gardevoir Jellicent;Technical Machine: Devolution;PAR 177;3;1;3;3;100,0;PAR;;177;Uncommon;Tool;https://limitlesstcg.nyc3.cdn.digitaloceanspaces.com/tpci/PAR/PAR_177_R_EN_LG.png
Domestic;Gholdengo Lunatone;Gimmighoul;SSP 97;12;4;3;3;100,0;SSP;;97;Common;PBasic;https://limitlesstcg.nyc3.cdn.digitaloceanspaces.com/tpci/SSP/SSP_097_R_EN_LG.png
Domestic;Gholdengo Lunatone;Lunatone;MEG 74;6;2;3;3;100,0;MEG;;74;Rare;FBasic;https://limitlesstcg.nyc3.cdn.digitaloceanspaces.com/tpci/MEG/MEG_074_R_EN_LG.png
Domestic;Gholdengo Lunatone;Solrock;MEG 75;6;2;3;3;100,0;MEG;;75;Uncommon;FBasic;https://limitlesstcg.nyc3.cdn.digitaloceanspaces.com/tpci/MEG/MEG_075_R_EN_LG.png
Domestic;Gholdengo Lunatone;Fezandipiti ex;SFA 38;3;1;3;3;100,0;SFA;;38;Double Rare;DBasic;https://limitlesstcg.nyc3.cdn.digitaloceanspaces.com/tpci/SFA/SFA_038_R_EN_LG.png
Domestic;Gholdengo Lunatone;Genesect ex;BLK 67;3;1;3;3;100,0;BLK;;67;Double Rare;MBasic;https://limitlesstcg.nyc3.cdn.digitaloceanspaces.com/tpci/BLK/BLK_067_R_EN_LG.png
Domestic;Gholdengo Lunatone;Gholdengo ex;PAR 139;10;4;3;3;100,0;PAR;;139;Double Rare;MStage 1;https://limitlesstcg.nyc3.cdn.digitaloceanspaces.com/tpci/PAR/PAR_139_R_EN_LG.png
Domestic;Gholdengo Lunatone;Buneary;PFL 83;3;1;3;3;100,0;PFL;;83;Common;CBasic;https://limitlesstcg.nyc3.cdn.digitaloceanspaces.com/tpci/PFL/PFL_083_R_EN_LG.png
Domestic;Gholdengo Lunatone;Hop's Cramorant;JTG 138;2;1;2;3;66,67;JTG;;138;Uncommon;CBasic;https://limitlesstcg.nyc3.cdn.digitaloceanspaces.com/tpci/JTG/JTG_138_R_EN_LG.png
Domestic;Gholdengo Lunatone;Mega Lopunny ex;PFL 84;3;1;3;3;100,0;PFL;;84;Double Rare;CStage 1;https://limitlesstcg.nyc3.cdn.digitaloceanspaces.com/tpci/PFL/PFL_084_R_EN_LG.png
Domestic;Gholdengo Lunatone;Fighting Energy;SVE 22;24;8;3;3;100,0;SVE;;22;Basic Energy;Energy;https://limitlesstcg.nyc3.cdn.digitaloceanspaces.com/tpci/SVE/SVE_022_R_EN_LG.png
Domestic;Gholdengo Lunatone;Metal Energy;SVE 24;9;3;3;3;100,0;SVE;;24;Basic Energy;Energy;https://limitlesstcg.nyc3.cdn.digitaloceanspaces.com/tpci/SVE/SVE_024_R_EN_LG.png
Domestic;Gholdengo Lunatone;Earthen Vessel;PRE 106;9;3;3;3;100,0;PRE;;106;Uncommon;Item;https://limitlesstcg.nyc3.cdn.digitaloceanspaces.com/tpci/PRE/PRE_106_R_EN_LG.png
Domestic;Gholdengo Lunatone;Fighting Gong;ASC 187;10;4;3;3;100,0;ASC;;187;Uncommon;Item;https://limitlesstcg.nyc3.cdn.digitaloceanspaces.com/tpci/ASC/ASC_187_R_EN_LG.png
Domestic;Gholdengo Lunatone;Nest Ball;SVI 181;10;4;3;3;100,0;SVI;;181;Uncommon;Item;https://limitlesstcg.nyc3.cdn.digitaloceanspaces.com/tpci/SVI/SVI_181_R_EN_LG.png
Domestic;Gholdengo Lunatone;Super Rod;PAL 188;3;1;3;3;100,0;PAL;;188;Common;Item;https://limitlesstcg.nyc3.cdn.digitaloceanspaces.com/tpci/PAL/PAL_188_R_EN_LG.png
Domestic;Gholdengo Lunatone;Superior Energy Retrieval;PAL 189;12;4;3;3;100,0;PAL;;189;Uncommon;Item;https://limitlesstcg.nyc3.cdn.digitaloceanspaces.com/tpci/PAL/PAL_189_R_EN_LG.png
Domestic;Gholdengo Lunatone;Buddy-Buddy Poffin;PRE 101;2;1;2;3;66,67;PRE;;101;Uncommon;Item;https://limitlesstcg.nyc3.cdn.digitaloceanspaces.com/tpci/PRE/PRE_101_R_EN_LG.png
Domestic;Gholdengo Lunatone;Premium Power Pro;ASC 199;2;1;2;3;66,67;ASC;;199;Uncommon;Item;https://limitlesstcg.nyc3.cdn.digitaloceanspaces.com/tpci/ASC/ASC_199_R_EN_LG.png
Domestic;Gholdengo Lunatone;Prime Catcher;PRE 119;2;1;2;3;66,67;PRE;;119;Ultra Rare;Item;https://limitlesstcg.nyc3.cdn.digitaloceanspaces.com/tpci/PRE/PRE_119_R_EN_LG.png
Domestic;Gholdengo Lunatone;Picnic Basket;SVI 184;1;1;1;3;33,33;SVI;;184;Uncommon;Item;https://limitlesstcg.nyc3.cdn.digitaloceanspaces.com/tpci/SVI/SVI_184_R_EN_LG.png
Domestic;Gholdengo Lunatone;Pokégear 3.0;SSH 174;3;3;1;3;33,33;SSH;;174;Uncommon;Item;https://limitlesstcg.nyc3.cdn.digitaloceanspaces.com/tpci/SSH/SSH_174_R_EN_LG.png
Domestic;Gholdengo Lunatone;Precious Trolley;SSP 185;1;1;1;3;33,33;SSP;;185;Ultra Rare;Item;https://limitlesstcg.nyc3.cdn.digitaloceanspaces.com/tpci/SSP/SSP_185_R_EN_LG.png
Domestic;Gholdengo Lunatone;Ultra Ball;ASC 213;1;1;1;3;33,33;ASC;;213;Common;Item;https://limitlesstcg.nyc3.cdn.digitaloceanspaces.com/tpci/ASC/ASC_213_R_EN_LG.png
Domestic;Gholdengo Lunatone;Artazon;PAL 171;5;2;3;3;100,0;PAL;;171;Uncommon;Stadium;https://limitlesstcg.nyc3.cdn.digitaloceanspaces.com/tpci/PAL/PAL_171_R_EN_LG.png
Domestic;Gholdengo Lunatone;Arven;SVI 166;12;4;3;3;100,0;SVI;;166;Uncommon;Supporter;https://limitlesstcg.nyc3.cdn.digitaloceanspaces.com/tpci/SVI/SVI_166_R_EN_LG.png
Domestic;Gholdengo Lunatone;Boss's Orders;ASC 183;10;4;3;3;100,0;ASC;;183;Uncommon;Supporter;https://limitlesstcg.nyc3.cdn.digitaloceanspaces.com/tpci/ASC/ASC_183_R_EN_LG.png
Domestic;Gholdengo Lunatone;Professor Turo's Scenario;PRE 121;6;2;3;3;100,0;PRE;;121;Uncommon;Supporter;https://limitlesstcg.nyc3.cdn.digitaloceanspaces.com/tpci/PRE/PRE_121_R_EN_LG.png
Domestic;Gholdengo Lunatone;Air Balloon;ASC 181;6;2;3;3;100,0;ASC;;181;Uncommon;Tool;https://limitlesstcg.nyc3.cdn.digitaloceanspaces.com/tpci/ASC/ASC_181_R_EN_LG.png
Domestic;Gholdengo Lunatone;Technical Machine: Evolution;PAR 178;2;1;2;3;66,67;PAR;;178;Uncommon;Tool;https://limitlesstcg.nyc3.cdn.digitaloceanspaces.com/tpci/PAR/PAR_178_R_EN_LG.png
Domestic;Gholdengo Lunatone;Vitality Band;SSH 185;2;1;2;3;66,67;SSH;;185;Uncommon;Tool;https://limitlesstcg.nyc3.cdn.digitaloceanspaces.com/tpci/SSH/SSH_185_R_EN_LG.png
Domestic;Grimmsnarl Froslass;Budew;PRE 4;2;1;2;3;66,67;PRE;;4;Common;GBasic;https://limitlesstcg.nyc3.cdn.digitaloceanspaces.com/tpci/PRE/PRE_004_R_EN_LG.png
Domestic;Grimmsnarl Froslass;Snorunt;PAR 37;7;3;3;3;100,0;PAR;;37;Common;WBasic;https://limitlesstcg.nyc3.cdn.digitaloceanspaces.com/tpci/PAR/PAR_037_R_EN_LG.png
Domestic;Grimmsnarl Froslass;Psyduck;MEP 7;2;1;2;3;66,67;MEP;;7;;WBasic;https://limitlesstcg.nyc3.cdn.digitaloceanspaces.com/tpci/MEP/MEP_007_R_EN_LG.png
Domestic;Grimmsnarl Froslass;Froslass;TWM 53;7;3;3;3;100,0;TWM;;53;Rare;WStage 1;https://limitlesstcg.nyc3.cdn.digitaloceanspaces.com/tpci/TWM/TWM_053_R_EN_LG.png
Domestic;Grimmsnarl Froslass;Munkidori;TWM 95;11;4;3;3;100,0;TWM;;95;Rare;PBasic;https://limitlesstcg.nyc3.cdn.digitaloceanspaces.com/tpci/TWM/TWM_095_R_EN_LG.png
Domestic;Grimmsnarl Froslass;Marnie's Impidimp;DRI 134;9;3;3;3;100,0;DRI;;134;Common;DBasic;https://limitlesstcg.nyc3.cdn.digitaloceanspaces.com/tpci/DRI/DRI_134_R_EN_LG.png
Domestic;Grimmsnarl Froslass;Yveltal;MEG 88;2;1;2;3;66,67;MEG;;88;Rare;DBasic;https://limitlesstcg.nyc3.cdn.digitaloceanspaces.com/tpci/MEG/MEG_088_R_EN_LG.png
Domestic;Grimmsnarl Froslass;Fezandipiti ex;SFA 38;1;1;1;3;33,33;SFA;;38;Double Rare;DBasic;https://limitlesstcg.nyc3.cdn.digitaloceanspaces.com/tpci/SFA/SFA_038_R_EN_LG.png
Domestic;Grimmsnarl Froslass;Marnie's Grimmsnarl ex;DRI 136;6;2;3;3;100,0;DRI;;136;Double Rare;DStage 2;https://limitlesstcg.nyc3.cdn.digitaloceanspaces.com/tpci/DRI/DRI_136_R_EN_LG.png
Domestic;Grimmsnarl Froslass;Marnie's Morgrem;DRI 135;6;2;3;3;100,0;DRI;;135;Uncommon;DStage 1;https://limitlesstcg.nyc3.cdn.digitaloceanspaces.com/tpci/DRI/DRI_135_R_EN_LG.png
Domestic;Grimmsnarl Froslass;Tatsugiri;TWM 131;1;1;1;3;33,33;TWM;;131;Uncommon;NBasic;https://limitlesstcg.nyc3.cdn.digitaloceanspaces.com/tpci/TWM/TWM_131_R_EN_LG.png
Domestic;Grimmsnarl Froslass;Bloodmoon Ursaluna ex;TWM 141;2;1;2;3;66,67;TWM;;141;Double Rare;CBasic;https://limitlesstcg.nyc3.cdn.digitaloceanspaces.com/tpci/TWM/TWM_141_R_EN_LG.png
Domestic;Grimmsnarl Froslass;Darkness Energy;SVE 23;24;8;3;3;100,0;SVE;;23;Basic Energy;Energy;https://limitlesstcg.nyc3.cdn.digitaloceanspaces.com/tpci/SVE/SVE_023_R_EN_LG.png
Domestic;Grimmsnarl Froslass;Buddy-Buddy Poffin;PRE 101;4;2;3;3;100,0;PRE;;101;Uncommon;Item;https://limitlesstcg.nyc3.cdn.digitaloceanspaces.com/tpci/PRE/PRE_101_R_EN_LG.png
Domestic;Grimmsnarl Froslass;Counter Catcher;PAR 160;5;2;3;3;100,0;PAR;;160;Uncommon;Item;https://limitlesstcg.nyc3.cdn.digitaloceanspaces.com/tpci/PAR/PAR_160_R_EN_LG.png
Domestic;Grimmsnarl Froslass;Nest Ball;SVI 181;4;2;3;3;100,0;SVI;;181;Uncommon;Item;https://limitlesstcg.nyc3.cdn.digitaloceanspaces.com/tpci/SVI/SVI_181_R_EN_LG.png
Domestic;Grimmsnarl Froslass;Night Stretcher;SFA 61;6;2;3;3;100,0;SFA;;61;Uncommon;Item;https://limitlesstcg.nyc3.cdn.digitaloceanspaces.com/tpci/SFA/SFA_061_R_EN_LG.png
Domestic;Grimmsnarl Froslass;Rare Candy;MEG 125;4;2;3;3;100,0;MEG;;125;Common;Item;https://limitlesstcg.nyc3.cdn.digitaloceanspaces.com/tpci/MEG/MEG_125_R_EN_LG.png
Domestic;Grimmsnarl Froslass;Secret Box;TWM 163;3;1;3;3;100,0;TWM;;163;Ultra Rare;Item;https://limitlesstcg.nyc3.cdn.digitaloceanspaces.com/tpci/TWM/TWM_163_R_EN_LG.png
Domestic;Grimmsnarl Froslass;Super Rod;PAL 188;3;1;3;3;100,0;PAL;;188;Common;Item;https://limitlesstcg.nyc3.cdn.digitaloceanspaces.com/tpci/PAL/PAL_188_R_EN_LG.png
Domestic;Grimmsnarl Froslass;Ultra Ball;ASC 213;3;1;3;3;100,0;ASC;;213;Common;Item;https://limitlesstcg.nyc3.cdn.digitaloceanspaces.com/tpci/ASC/ASC_213_R_EN_LG.png
Domestic;Grimmsnarl Froslass;Energy Switch;MEG 115;2;1;2;3;66,67;MEG;;115;Common;Item;https://limitlesstcg.nyc3.cdn.digitaloceanspaces.com/tpci/MEG/MEG_115_R_EN_LG.png
Domestic;Grimmsnarl Froslass;Energy Search;SSH 161;1;1;1;3;33,33;SSH;;161;Uncommon;Item;https://limitlesstcg.nyc3.cdn.digitaloceanspaces.com/tpci/SSH/SSH_161_R_EN_LG.png
Domestic;Grimmsnarl Froslass;Artazon;PAL 171;3;1;3;3;100,0;PAL;;171;Uncommon;Stadium;https://limitlesstcg.nyc3.cdn.digitaloceanspaces.com/tpci/PAL/PAL_171_R_EN_LG.png
Domestic;Grimmsnarl Froslass;Spikemuth Gym;DRI 169;7;3;3;3;100,0;DRI;;169;Uncommon;Stadium;https://limitlesstcg.nyc3.cdn.digitaloceanspaces.com/tpci/DRI/DRI_169_R_EN_LG.png
Domestic;Grimmsnarl Froslass;Team Rocket's Watchtower;ASC 210;1;1;1;3;33,33;ASC;;210;Uncommon;Stadium;https://limitlesstcg.nyc3.cdn.digitaloceanspaces.com/tpci/ASC/ASC_210_R_EN_LG.png
Domestic;Grimmsnarl Froslass;Arven;SVI 166;12;4;3;3;100,0;SVI;;166;Uncommon;Supporter;https://limitlesstcg.nyc3.cdn.digitaloceanspaces.com/tpci/SVI/SVI_166_R_EN_LG.png
Domestic;Grimmsnarl Froslass;Boss's Orders;ASC 183;7;3;3;3;100,0;ASC;;183;Uncommon;Supporter;https://limitlesstcg.nyc3.cdn.digitaloceanspaces.com/tpci/ASC/ASC_183_R_EN_LG.png
Domestic;Grimmsnarl Froslass;Iono;PAL 185;11;4;3;3;100,0;PAL;;185;Uncommon;Supporter;https://limitlesstcg.nyc3.cdn.digitaloceanspaces.com/tpci/PAL/PAL_185_R_EN_LG.png
Domestic;Grimmsnarl Froslass;Lillie's Determination;ASC 192;11;4;3;3;100,0;ASC;;192;Uncommon;Supporter;https://limitlesstcg.nyc3.cdn.digitaloceanspaces.com/tpci/ASC/ASC_192_R_EN_LG.png
Domestic;Grimmsnarl Froslass;Professor's Research;PRE 122;1;1;1;3;33,33;PRE;;122;Common;Supporter;https://limitlesstcg.nyc3.cdn.digitaloceanspaces.com/tpci/PRE/PRE_122_R_EN_LG.png
Domestic;Grimmsnarl Froslass;Air Balloon;ASC 181;3;1;3;3;100,0;ASC;;181;Uncommon;Tool;https://limitlesstcg.nyc3.cdn.digitaloceanspaces.com/tpci/ASC/ASC_181_R_EN_LG.png
Domestic;Grimmsnarl Froslass;Technical Machine: Devolution;PAR 177;3;1;3;3;100,0;PAR;;177;Uncommon;Tool;https://limitlesstcg.nyc3.cdn.digitaloceanspaces.com/tpci/PAR/PAR_177_R_EN_LG.png
Domestic;Grimmsnarl Froslass;Technical Machine: Evolution;PAR 178;6;2;3;3;100,0;PAR;;178;Uncommon;Tool;https://limitlesstcg.nyc3.cdn.digitaloceanspaces.com/tpci/PAR/PAR_178_R_EN_LG.png
Domestic;Mega Absol Box;Dwebble;DRI 11;1;1;1;3;33,33;DRI;;11;Common;GBasic;https://limitlesstcg.nyc3.cdn.digitaloceanspaces.com/tpci/DRI/DRI_011_R_EN_LG.png
Domestic;Mega Absol Box;Crustle;DRI 12;1;1;1;3;33,33;DRI;;12;Rare;GStage 1;https://limitlesstcg.nyc3.cdn.digitaloceanspaces.com/tpci/DRI/DRI_012_R_EN_LG.png
Domestic;Mega Absol Box;Moltres;PFL 14;1;1;1;3;33,33;PFL;;14;Rare;RBasic;https://limitlesstcg.nyc3.cdn.digitaloceanspaces.com/tpci/PFL/PFL_014_R_EN_LG.png
Domestic;Mega Absol Box;Psyduck;MEP 7;3;1;3;3;100,0;MEP;;7;;WBasic;https://limitlesstcg.nyc3.cdn.digitaloceanspaces.com/tpci/MEP/MEP_007_R_EN_LG.png
Domestic;Mega Absol Box;Latias ex;SSP 76;3;1;3;3;100,0;SSP;;76;Double Rare;PBasic;https://limitlesstcg.nyc3.cdn.digitaloceanspaces.com/tpci/SSP/SSP_076_R_EN_LG.png
Domestic;Mega Absol Box;Munkidori;TWM 95;9;3;3;3;100,0;TWM;;95;Rare;PBasic;https://limitlesstcg.nyc3.cdn.digitaloceanspaces.com/tpci/TWM/TWM_095_R_EN_LG.png
Domestic;Mega Absol Box;Cornerstone Mask Ogerpon ex;TWM 112;3;2;2;3;66,67;TWM;;112;Double Rare;FBasic;https://limitlesstcg.nyc3.cdn.digitaloceanspaces.com/tpci/TWM/TWM_112_R_EN_LG.png
Domestic;Mega Absol Box;Fezandipiti ex;SFA 38;3;1;3;3;100,0;SFA;;38;Double Rare;DBasic;https://limitlesstcg.nyc3.cdn.digitaloceanspaces.com/tpci/SFA/SFA_038_R_EN_LG.png
Domestic;Mega Absol Box;Mega Absol ex;MEG 86;6;2;3;3;100,0;MEG;;86;Double Rare;DBasic;https://limitlesstcg.nyc3.cdn.digitaloceanspaces.com/tpci/MEG/MEG_086_R_EN_LG.png
Domestic;Mega Absol Box;Pecharunt ex;SFA 39;3;1;3;3;100,0;SFA;;39;Double Rare;DBasic;https://limitlesstcg.nyc3.cdn.digitaloceanspaces.com/tpci/SFA/SFA_039_R_EN_LG.png
Domestic;Mega Absol Box;Yveltal;MEG 88;4;2;3;3;100,0;MEG;;88;Rare;DBasic;https://limitlesstcg.nyc3.cdn.digitaloceanspaces.com/tpci/MEG/MEG_088_R_EN_LG.png
Domestic;Mega Absol Box;Bloodmoon Ursaluna ex;TWM 141;3;1;3;3;100,0;TWM;;141;Double Rare;CBasic;https://limitlesstcg.nyc3.cdn.digitaloceanspaces.com/tpci/TWM/TWM_141_R_EN_LG.png
Domestic;Mega Absol Box;Mega Kangaskhan ex;MEG 104;6;2;3;3;100,0;MEG;;104;Double Rare;CBasic;https://limitlesstcg.nyc3.cdn.digitaloceanspaces.com/tpci/MEG/MEG_104_R_EN_LG.png
Domestic;Mega Absol Box;Darkness Energy;SVE 23;17;6;3;3;100,0;SVE;;23;Basic Energy;Energy;https://limitlesstcg.nyc3.cdn.digitaloceanspaces.com/tpci/SVE/SVE_023_R_EN_LG.png
Domestic;Mega Absol Box;Fighting Energy;SVE 22;3;2;2;3;66,67;SVE;;22;Basic Energy;Energy;https://limitlesstcg.nyc3.cdn.digitaloceanspaces.com/tpci/SVE/SVE_022_R_EN_LG.png
Domestic;Mega Absol Box;Fire Energy;SVE 18;1;1;1;3;33,33;SVE;;18;Basic Energy;Energy;https://limitlesstcg.nyc3.cdn.digitaloceanspaces.com/tpci/SVE/SVE_018_R_EN_LG.png
Domestic;Mega Absol Box;Grass Energy;SVE 17;1;1;1;3;33,33;SVE;;17;Basic Energy;Energy;https://limitlesstcg.nyc3.cdn.digitaloceanspaces.com/tpci/SVE/SVE_017_R_EN_LG.png
Domestic;Mega Absol Box;Counter Catcher;PAR 160;6;2;3;3;100,0;PAR;;160;Uncommon;Item;https://limitlesstcg.nyc3.cdn.digitaloceanspaces.com/tpci/PAR/PAR_160_R_EN_LG.png
Domestic;Mega Absol Box;Earthen Vessel;PRE 106;5;2;3;3;100,0;PRE;;106;Uncommon;Item;https://limitlesstcg.nyc3.cdn.digitaloceanspaces.com/tpci/PRE/PRE_106_R_EN_LG.png
Domestic;Mega Absol Box;Energy Switch;MEG 115;4;2;3;3;100,0;MEG;;115;Common;Item;https://limitlesstcg.nyc3.cdn.digitaloceanspaces.com/tpci/MEG/MEG_115_R_EN_LG.png
Domestic;Mega Absol Box;Nest Ball;SVI 181;6;2;3;3;100,0;SVI;;181;Uncommon;Item;https://limitlesstcg.nyc3.cdn.digitaloceanspaces.com/tpci/SVI/SVI_181_R_EN_LG.png
Domestic;Mega Absol Box;Night Stretcher;SFA 61;6;2;3;3;100,0;SFA;;61;Uncommon;Item;https://limitlesstcg.nyc3.cdn.digitaloceanspaces.com/tpci/SFA/SFA_061_R_EN_LG.png
Domestic;Mega Absol Box;Pokégear 3.0;SSH 174;6;2;3;3;100,0;SSH;;174;Uncommon;Item;https://limitlesstcg.nyc3.cdn.digitaloceanspaces.com/tpci/SSH/SSH_174_R_EN_LG.png
Domestic;Mega Absol Box;Precious Trolley;SSP 185;3;1;3;3;100,0;SSP;;185;Ultra Rare;Item;https://limitlesstcg.nyc3.cdn.digitaloceanspaces.com/tpci/SSP/SSP_185_R_EN_LG.png
Domestic;Mega Absol Box;Enhanced Hammer;TWM 148;2;1;2;3;66,67;TWM;;148;Uncommon;Item;https://limitlesstcg.nyc3.cdn.digitaloceanspaces.com/tpci/TWM/TWM_148_R_EN_LG.png
Domestic;Mega Absol Box;Mist Energy;TEF 161;6;2;3;3;100,0;TEF;;161;Uncommon;Special Energy;https://limitlesstcg.nyc3.cdn.digitaloceanspaces.com/tpci/TEF/TEF_161_R_EN_LG.png
Domestic;Mega Absol Box;Prism Energy;ASC 216;1;1;1;3;33,33;ASC;;216;Uncommon;Special Energy;https://limitlesstcg.nyc3.cdn.digitaloceanspaces.com/tpci/ASC/ASC_216_R_EN_LG.png
Domestic;Mega Absol Box;Lively Stadium;SSP 180;4;2;3;3;100,0;SSP;;180;Uncommon;Stadium;https://limitlesstcg.nyc3.cdn.digitaloceanspaces.com/tpci/SSP/SSP_180_R_EN_LG.png
Domestic;Mega Absol Box;Team Rocket's Watchtower;ASC 210;1;1;1;3;33,33;ASC;;210;Uncommon;Stadium;https://limitlesstcg.nyc3.cdn.digitaloceanspaces.com/tpci/ASC/ASC_210_R_EN_LG.png
Domestic;Mega Absol Box;Town Store;OBF 196;1;1;1;3;33,33;OBF;;196;Common;Stadium;https://limitlesstcg.nyc3.cdn.digitaloceanspaces.com/tpci/OBF/OBF_196_R_EN_LG.png
Domestic;Mega Absol Box;Arven;SVI 166;12;4;3;3;100,0;SVI;;166;Uncommon;Supporter;https://limitlesstcg.nyc3.cdn.digitaloceanspaces.com/tpci/SVI/SVI_166_R_EN_LG.png
Domestic;Mega Absol Box;Boss's Orders;ASC 183;12;4;3;3;100,0;ASC;;183;Uncommon;Supporter;https://limitlesstcg.nyc3.cdn.digitaloceanspaces.com/tpci/ASC/ASC_183_R_EN_LG.png
Domestic;Mega Absol Box;Iono;PAL 185;6;2;3;3;100,0;PAL;;185;Uncommon;Supporter;https://limitlesstcg.nyc3.cdn.digitaloceanspaces.com/tpci/PAL/PAL_185_R_EN_LG.png
Domestic;Mega Absol Box;Lillie's Determination;ASC 192;8;3;3;3;100,0;ASC;;192;Uncommon;Supporter;https://limitlesstcg.nyc3.cdn.digitaloceanspaces.com/tpci/ASC/ASC_192_R_EN_LG.png
Domestic;Mega Absol Box;Penny;SVI 183;8;3;3;3;100,0;SVI;;183;Uncommon;Supporter;https://limitlesstcg.nyc3.cdn.digitaloceanspaces.com/tpci/SVI/SVI_183_R_EN_LG.png
Domestic;Mega Absol Box;Xerosic's Machinations;SFA 64;1;1;1;3;33,33;SFA;;64;Uncommon;Supporter;https://limitlesstcg.nyc3.cdn.digitaloceanspaces.com/tpci/SFA/SFA_064_R_EN_LG.png
Domestic;Mega Absol Box;Bravery Charm;PAL 173;6;2;3;3;100,0;PAL;;173;Uncommon;Tool;https://limitlesstcg.nyc3.cdn.digitaloceanspaces.com/tpci/PAL/PAL_173_R_EN_LG.png
Domestic;Mega Absol Box;Technical Machine: Turbo Energize;PAR 179;6;2;3;3;100,0;PAR;;179;Uncommon;Tool;https://limitlesstcg.nyc3.cdn.digitaloceanspaces.com/tpci/PAR/PAR_179_R_EN_LG.png
Domestic;Mega Absol Box;Defiance Band;SVI 169;1;1;1;3;33,33;SVI;;169;Uncommon;Tool;https://limitlesstcg.nyc3.cdn.digitaloceanspaces.com/tpci/SVI/SVI_169_R_EN_LG.png
Domestic;Mega Absol Box;Rigid Band;MEW 165;1;1;1;3;33,33;MEW;;165;Uncommon;Tool;https://limitlesstcg.nyc3.cdn.digitaloceanspaces.com/tpci/MEW/MEW_165_R_EN_LG.png
Domestic;N'S Zoroark;Budew;PRE 4;2;1;2;3;66,67;PRE;;4;Common;GBasic;https://limitlesstcg.nyc3.cdn.digitaloceanspaces.com/tpci/PRE/PRE_004_R_EN_LG.png
Domestic;N'S Zoroark;Dwebble;DRI 11;1;1;1;3;33,33;DRI;;11;Common;GBasic;https://limitlesstcg.nyc3.cdn.digitaloceanspaces.com/tpci/DRI/DRI_011_R_EN_LG.png
Domestic;N'S Zoroark;Crustle;DRI 12;1;1;1;3;33,33;DRI;;12;Rare;GStage 1;https://limitlesstcg.nyc3.cdn.digitaloceanspaces.com/tpci/DRI/DRI_012_R_EN_LG.png
Domestic;N'S Zoroark;N's Darumaka;JTG 26;2;2;1;3;33,33;JTG;;26;Common;RBasic;https://limitlesstcg.nyc3.cdn.digitaloceanspaces.com/tpci/JTG/JTG_026_R_EN_LG.png
Domestic;N'S Zoroark;N's Darmanitan;JTG 27;2;2;1;3;33,33;JTG;;27;Uncommon;RStage 1;https://limitlesstcg.nyc3.cdn.digitaloceanspaces.com/tpci/JTG/JTG_027_R_EN_LG.png
Domestic;N'S Zoroark;Psyduck;MEP 7;1;1;1;3;33,33;MEP;;7;;WBasic;https://limitlesstcg.nyc3.cdn.digitaloceanspaces.com/tpci/MEP/MEP_007_R_EN_LG.png
Domestic;N'S Zoroark;Munkidori;TWM 95;4;2;2;3;66,67;TWM;;95;Rare;PBasic;https://limitlesstcg.nyc3.cdn.digitaloceanspaces.com/tpci/TWM/TWM_095_R_EN_LG.png
Domestic;N'S Zoroark;Cleffa;OBF 80;1;1;1;3;33,33;OBF;;80;Common;PBasic;https://limitlesstcg.nyc3.cdn.digitaloceanspaces.com/tpci/OBF/OBF_080_R_EN_LG.png
Domestic;N'S Zoroark;Fezandipiti ex;SFA 38;3;1;3;3;100,0;SFA;;38;Double Rare;DBasic;https://limitlesstcg.nyc3.cdn.digitaloceanspaces.com/tpci/SFA/SFA_038_R_EN_LG.png
Domestic;N'S Zoroark;N's Zorua;JTG 97;12;4;3;3;100,0;JTG;;97;Common;DBasic;https://limitlesstcg.nyc3.cdn.digitaloceanspaces.com/tpci/JTG/JTG_097_R_EN_LG.png
Domestic;N'S Zoroark;Pecharunt ex;SFA 39;4;2;3;3;100,0;SFA;;39;Double Rare;DBasic;https://limitlesstcg.nyc3.cdn.digitaloceanspaces.com/tpci/SFA/SFA_039_R_EN_LG.png
Domestic;N'S Zoroark;Yveltal;MEG 88;2;1;2;3;66,67;MEG;;88;Rare;DBasic;https://limitlesstcg.nyc3.cdn.digitaloceanspaces.com/tpci/MEG/MEG_088_R_EN_LG.png
Domestic;N'S Zoroark;Mega Absol ex;MEG 86;1;1;1;3;33,33;MEG;;86;Double Rare;DBasic;https://limitlesstcg.nyc3.cdn.digitaloceanspaces.com/tpci/MEG/MEG_086_R_EN_LG.png
Domestic;N'S Zoroark;Roaring Moon ex;PAR 124;1;1;1;3;33,33;PAR;;124;Double Rare;DBasic;https://limitlesstcg.nyc3.cdn.digitaloceanspaces.com/tpci/PAR/PAR_124_R_EN_LG.png
Domestic;N'S Zoroark;N's Zoroark ex;JTG 98;12;4;3;3;100,0;JTG;;98;Double Rare;DStage 1;https://limitlesstcg.nyc3.cdn.digitaloceanspaces.com/tpci/JTG/JTG_098_R_EN_LG.png
Domestic;N'S Zoroark;N's Reshiram;JTG 116;5;2;3;3;100,0;JTG;;116;Rare;NBasic;https://limitlesstcg.nyc3.cdn.digitaloceanspaces.com/tpci/JTG/JTG_116_R_EN_LG.png
Domestic;N'S Zoroark;Darkness Energy;SVE 23;22;8;3;3;100,0;SVE;;23;Basic Energy;Energy;https://limitlesstcg.nyc3.cdn.digitaloceanspaces.com/tpci/SVE/SVE_023_R_EN_LG.png
Domestic;N'S Zoroark;Buddy-Buddy Poffin;PRE 101;11;4;3;3;100,0;PRE;;101;Uncommon;Item;https://limitlesstcg.nyc3.cdn.digitaloceanspaces.com/tpci/PRE/PRE_101_R_EN_LG.png
Domestic;N'S Zoroark;Counter Catcher;PAR 160;6;2;3;3;100,0;PAR;;160;Uncommon;Item;https://limitlesstcg.nyc3.cdn.digitaloceanspaces.com/tpci/PAR/PAR_160_R_EN_LG.png
Domestic;N'S Zoroark;Nest Ball;SVI 181;6;4;3;3;100,0;SVI;;181;Uncommon;Item;https://limitlesstcg.nyc3.cdn.digitaloceanspaces.com/tpci/SVI/SVI_181_R_EN_LG.png
Domestic;N'S Zoroark;Energy Switch;MEG 115;3;2;2;3;66,67;MEG;;115;Common;Item;https://limitlesstcg.nyc3.cdn.digitaloceanspaces.com/tpci/MEG/MEG_115_R_EN_LG.png
Domestic;N'S Zoroark;N's PP Up;ASC 195;5;3;2;3;66,67;ASC;;195;Uncommon;Item;https://limitlesstcg.nyc3.cdn.digitaloceanspaces.com/tpci/ASC/ASC_195_R_EN_LG.png
Domestic;N'S Zoroark;Pal Pad;SSH 172;2;1;2;3;66,67;SSH;;172;Uncommon;Item;https://limitlesstcg.nyc3.cdn.digitaloceanspaces.com/tpci/SSH/SSH_172_R_EN_LG.png
Domestic;N'S Zoroark;Super Rod;PAL 188;4;2;2;3;66,67;PAL;;188;Common;Item;https://limitlesstcg.nyc3.cdn.digitaloceanspaces.com/tpci/PAL/PAL_188_R_EN_LG.png
Domestic;N'S Zoroark;Night Stretcher;SFA 61;2;2;1;3;33,33;SFA;;61;Uncommon;Item;https://limitlesstcg.nyc3.cdn.digitaloceanspaces.com/tpci/SFA/SFA_061_R_EN_LG.png
Domestic;N'S Zoroark;Pokégear 3.0;SSH 174;2;2;1;3;33,33;SSH;;174;Uncommon;Item;https://limitlesstcg.nyc3.cdn.digitaloceanspaces.com/tpci/SSH/SSH_174_R_EN_LG.png
Domestic;N'S Zoroark;Ultra Ball;ASC 213;1;1;1;3;33,33;ASC;;213;Common;Item;https://limitlesstcg.nyc3.cdn.digitaloceanspaces.com/tpci/ASC/ASC_213_R_EN_LG.png
Domestic;N'S Zoroark;Unfair Stamp;TWM 165;1;1;1;3;33,33;TWM;;165;Ultra Rare;Item;https://limitlesstcg.nyc3.cdn.digitaloceanspaces.com/tpci/TWM/TWM_165_R_EN_LG.png
Domestic;N'S Zoroark;Luminous Energy;PAL 191;1;1;1;3;33,33;PAL;;191;Uncommon;Special Energy;https://limitlesstcg.nyc3.cdn.digitaloceanspaces.com/tpci/PAL/PAL_191_R_EN_LG.png
Domestic;N'S Zoroark;Reversal Energy;PAL 192;1;1;1;3;33,33;PAL;;192;Uncommon;Special Energy;https://limitlesstcg.nyc3.cdn.digitaloceanspaces.com/tpci/PAL/PAL_192_R_EN_LG.png
Domestic;N'S Zoroark;Artazon;PAL 171;3;2;2;3;66,67;PAL;;171;Uncommon;Stadium;https://limitlesstcg.nyc3.cdn.digitaloceanspaces.com/tpci/PAL/PAL_171_R_EN_LG.png
Domestic;N'S Zoroark;Team Rocket's Watchtower;ASC 210;4;2;2;3;66,67;ASC;;210;Uncommon;Stadium;https://limitlesstcg.nyc3.cdn.digitaloceanspaces.com/tpci/ASC/ASC_210_R_EN_LG.png
Domestic;N'S Zoroark;N's Castle;JTG 152;2;2;1;3;33,33;JTG;;152;Uncommon;Stadium;https://limitlesstcg.nyc3.cdn.digitaloceanspaces.com/tpci/JTG/JTG_152_R_EN_LG.png
Domestic;N'S Zoroark;Town Store;OBF 196;1;1;1;3;33,33;OBF;;196;Common;Stadium;https://limitlesstcg.nyc3.cdn.digitaloceanspaces.com/tpci/OBF/OBF_196_R_EN_LG.png
Domestic;N'S Zoroark;Boss's Orders;ASC 183;7;3;3;3;100,0;ASC;;183;Uncommon;Supporter;https://limitlesstcg.nyc3.cdn.digitaloceanspaces.com/tpci/ASC/ASC_183_R_EN_LG.png
Domestic;N'S Zoroark;Iono;PAL 185;8;3;3;3;100,0;PAL;;185;Uncommon;Supporter;https://limitlesstcg.nyc3.cdn.digitaloceanspaces.com/tpci/PAL/PAL_185_R_EN_LG.png
Domestic;N'S Zoroark;Lillie's Determination;ASC 192;7;4;2;3;66,67;ASC;;192;Uncommon;Supporter;https://limitlesstcg.nyc3.cdn.digitaloceanspaces.com/tpci/ASC/ASC_192_R_EN_LG.png
Domestic;N'S Zoroark;Professor Turo's Scenario;PRE 121;2;1;2;3;66,67;PRE;;121;Uncommon;Supporter;https://limitlesstcg.nyc3.cdn.digitaloceanspaces.com/tpci/PRE/PRE_121_R_EN_LG.png
Domestic;N'S Zoroark;Arven;SVI 166;3;3;1;3;33,33;SVI;;166;Uncommon;Supporter;https://limitlesstcg.nyc3.cdn.digitaloceanspaces.com/tpci/SVI/SVI_166_R_EN_LG.png
Domestic;N'S Zoroark;Colress's Tenacity;SFA 57;1;1;1;3;33,33;SFA;;57;Uncommon;Supporter;https://limitlesstcg.nyc3.cdn.digitaloceanspaces.com/tpci/SFA/SFA_057_R_EN_LG.png
Domestic;N'S Zoroark;Cyrano;SSP 170;4;4;1;3;33,33;SSP;;170;Uncommon;Supporter;https://limitlesstcg.nyc3.cdn.digitaloceanspaces.com/tpci/SSP/SSP_170_R_EN_LG.png
Domestic;N'S Zoroark;Jacq;SVI 175;2;2;1;3;33,33;SVI;;175;Uncommon;Supporter;https://limitlesstcg.nyc3.cdn.digitaloceanspaces.com/tpci/SVI/SVI_175_R_EN_LG.png
Domestic;N'S Zoroark;Janine's Secret Art;PRE 112;3;3;1;3;33,33;PRE;;112;Uncommon;Supporter;https://limitlesstcg.nyc3.cdn.digitaloceanspaces.com/tpci/PRE/PRE_112_R_EN_LG.png
Domestic;N'S Zoroark;N's Plan;BLK 83;1;1;1;3;33,33;BLK;;83;Uncommon;Supporter;https://limitlesstcg.nyc3.cdn.digitaloceanspaces.com/tpci/BLK/BLK_083_R_EN_LG.png
Domestic;N'S Zoroark;Penny;SVI 183;1;1;1;3;33,33;SVI;;183;Uncommon;Supporter;https://limitlesstcg.nyc3.cdn.digitaloceanspaces.com/tpci/SVI/SVI_183_R_EN_LG.png
Domestic;N'S Zoroark;Binding Mochi;PRE 95;2;1;2;3;66,67;PRE;;95;Uncommon;Tool;https://limitlesstcg.nyc3.cdn.digitaloceanspaces.com/tpci/PRE/PRE_095_R_EN_LG.png
Domestic;N'S Zoroark;Hero's Cape;TEF 152;2;1;2;3;66,67;TEF;;152;Ultra Rare;Tool;https://limitlesstcg.nyc3.cdn.digitaloceanspaces.com/tpci/TEF/TEF_152_R_EN_LG.png
Domestic;N'S Zoroark;Technical Machine: Evolution;PAR 178;3;2;2;3;66,67;PAR;;178;Uncommon;Tool;https://limitlesstcg.nyc3.cdn.digitaloceanspaces.com/tpci/PAR/PAR_178_R_EN_LG.png
Domestic;N'S Zoroark;Air Balloon;ASC 181;1;1;1;3;33,33;ASC;;181;Uncommon;Tool;https://limitlesstcg.nyc3.cdn.digitaloceanspaces.com/tpci/ASC/ASC_181_R_EN_LG.png
Domestic;N'S Zoroark;Defiance Band;SVI 169;1;1;1;3;33,33;SVI;;169;Uncommon;Tool;https://limitlesstcg.nyc3.cdn.digitaloceanspaces.com/tpci/SVI/SVI_169_R_EN_LG.png
Domestic;N'S Zoroark;Defiance Vest;PAR 162;1;1;1;3;33,33;PAR;;162;Uncommon;Tool;https://limitlesstcg.nyc3.cdn.digitaloceanspaces.com/tpci/PAR/PAR_162_R_EN_LG.png
Domestic;Other;Budew;ASC 16;5;3;2;3;66,67;ASC;;16;Common;GBasic;https://limitlesstcg.nyc3.cdn.digitaloceanspaces.com/tpci/ASC/ASC_016_R_EN_LG.png
Domestic;Other;Shaymin;DRI 10;2;1;2;3;66,67;DRI;;10;Uncommon;GBasic;https://limitlesstcg.nyc3.cdn.digitaloceanspaces.com/tpci/DRI/DRI_010_R_EN_LG.png
Domestic;Other;Smoliv;DRI 21;2;2;1;3;33,33;DRI;;21;Common;GBasic;https://limitlesstcg.nyc3.cdn.digitaloceanspaces.com/tpci/DRI/DRI_021_R_EN_LG.png
Domestic;Other;Teal Mask Ogerpon ex;TWM 25;2;2;1;3;33,33;TWM;;25;Double Rare;GBasic;https://limitlesstcg.nyc3.cdn.digitaloceanspaces.com/tpci/TWM/TWM_025_R_EN_LG.png
Domestic;Other;Arboliva ex;DRI 23;2;2;1;3;33,33;DRI;;23;Double Rare;GStage 2;https://limitlesstcg.nyc3.cdn.digitaloceanspaces.com/tpci/DRI/DRI_023_R_EN_LG.png
Domestic;Other;Dolliv;SVI 22;2;2;1;3;33,33;SVI;;22;Common;GStage 1;https://limitlesstcg.nyc3.cdn.digitaloceanspaces.com/tpci/SVI/SVI_022_R_EN_LG.png
Domestic;Other;Psyduck;ASC 39;2;1;2;3;66,67;ASC;;39;Common;WBasic;https://limitlesstcg.nyc3.cdn.digitaloceanspaces.com/tpci/ASC/ASC_039_R_EN_LG.png
Domestic;Other;Snorunt;ASC 46;6;3;2;3;66,67;ASC;;46;Common;WBasic;https://limitlesstcg.nyc3.cdn.digitaloceanspaces.com/tpci/ASC/ASC_046_R_EN_LG.png
Domestic;Other;Iron Bundle;PAR 56;1;1;1;3;33,33;PAR;;56;Uncommon;WBasic;https://limitlesstcg.nyc3.cdn.digitaloceanspaces.com/tpci/PAR/PAR_056_R_EN_LG.png
Domestic;Other;Froslass;TWM 53;7;4;2;3;66,67;TWM;;53;Rare;WStage 1;https://limitlesstcg.nyc3.cdn.digitaloceanspaces.com/tpci/TWM/TWM_053_R_EN_LG.png
Domestic;Other;Mega Froslass ex;ASC 47;1;1;1;3;33,33;ASC;;47;Double Rare;WStage 1;https://limitlesstcg.nyc3.cdn.digitaloceanspaces.com/tpci/ASC/ASC_047_R_EN_LG.png
Domestic;Other;Munkidori;ASC 99;8;4;2;3;66,67;ASC;;99;Rare;PBasic;https://limitlesstcg.nyc3.cdn.digitaloceanspaces.com/tpci/ASC/ASC_099_R_EN_LG.png
Domestic;Other;Latias ex;SSP 76;1;1;1;3;33,33;SSP;;76;Double Rare;PBasic;https://limitlesstcg.nyc3.cdn.digitaloceanspaces.com/tpci/SSP/SSP_076_R_EN_LG.png
Domestic;Other;Hawlucha;SVI 118;2;2;1;3;33,33;SVI;;118;Rare;FBasic;https://limitlesstcg.nyc3.cdn.digitaloceanspaces.com/tpci/SVI/SVI_118_R_EN_LG.png
Domestic;Other;Ting-Lu;TWM 110;1;1;1;3;33,33;TWM;;110;Rare;FBasic;https://limitlesstcg.nyc3.cdn.digitaloceanspaces.com/tpci/TWM/TWM_110_R_EN_LG.png
Domestic;Other;Fezandipiti ex;ASC 142;1;1;1;3;33,33;ASC;;142;Double Rare;DBasic;https://limitlesstcg.nyc3.cdn.digitaloceanspaces.com/tpci/ASC/ASC_142_R_EN_LG.png
Domestic;Other;Yveltal;MEG 88;2;2;1;3;33,33;MEG;;88;Rare;DBasic;https://limitlesstcg.nyc3.cdn.digitaloceanspaces.com/tpci/MEG/MEG_088_R_EN_LG.png
Domestic;Other;Bloodmoon Ursaluna ex;TWM 141;3;1;3;3;100,0;TWM;;141;Double Rare;CBasic;https://limitlesstcg.nyc3.cdn.digitaloceanspaces.com/tpci/TWM/TWM_141_R_EN_LG.png
Domestic;Other;Fan Rotom;SCR 118;2;2;1;3;33,33;SCR;;118;Common;CBasic;https://limitlesstcg.nyc3.cdn.digitaloceanspaces.com/tpci/SCR/SCR_118_R_EN_LG.png
Domestic;Other;Hoothoot;SCR 114;2;2;1;3;33,33;SCR;;114;Common;CBasic;https://limitlesstcg.nyc3.cdn.digitaloceanspaces.com/tpci/SCR/SCR_114_R_EN_LG.png
Domestic;Other;Noctowl;SCR 115;2;2;1;3;33,33;SCR;;115;Rare;CStage 1;https://limitlesstcg.nyc3.cdn.digitaloceanspaces.com/tpci/SCR/SCR_115_R_EN_LG.png
Domestic;Other;Darkness Energy;SVE 23;8;5;2;3;66,67;SVE;;23;Basic Energy;Energy;https://limitlesstcg.nyc3.cdn.digitaloceanspaces.com/tpci/SVE/SVE_023_R_EN_LG.png
Domestic;Other;Grass Energy;SVE 17;8;8;1;3;33,33;SVE;;17;Basic Energy;Energy;https://limitlesstcg.nyc3.cdn.digitaloceanspaces.com/tpci/SVE/SVE_017_R_EN_LG.png
Domestic;Other;Water Energy;SVE 19;1;1;1;3;33,33;SVE;;19;Basic Energy;Energy;https://limitlesstcg.nyc3.cdn.digitaloceanspaces.com/tpci/SVE/SVE_019_R_EN_LG.png
Domestic;Other;Buddy-Buddy Poffin;PRE 101;5;3;3;3;100,0;PRE;;101;Uncommon;Item;https://limitlesstcg.nyc3.cdn.digitaloceanspaces.com/tpci/PRE/PRE_101_R_EN_LG.png
Domestic;Other;Earthen Vessel;PRE 106;4;2;3;3;100,0;PRE;;106;Uncommon;Item;https://limitlesstcg.nyc3.cdn.digitaloceanspaces.com/tpci/PRE/PRE_106_R_EN_LG.png
Domestic;Other;Nest Ball;SVI 181;6;4;3;3;100,0;SVI;;181;Uncommon;Item;https://limitlesstcg.nyc3.cdn.digitaloceanspaces.com/tpci/SVI/SVI_181_R_EN_LG.png
Domestic;Other;Night Stretcher;SFA 61;5;2;3;3;100,0;SFA;;61;Uncommon;Item;https://limitlesstcg.nyc3.cdn.digitaloceanspaces.com/tpci/SFA/SFA_061_R_EN_LG.png
Domestic;Other;Ultra Ball;ASC 213;6;4;3;3;100,0;ASC;;213;Common;Item;https://limitlesstcg.nyc3.cdn.digitaloceanspaces.com/tpci/ASC/ASC_213_R_EN_LG.png
Domestic;Other;Counter Catcher;PAR 160;4;2;2;3;66,67;PAR;;160;Uncommon;Item;https://limitlesstcg.nyc3.cdn.digitaloceanspaces.com/tpci/PAR/PAR_160_R_EN_LG.png
Domestic;Other;Poké Pad;ASC 198;3;2;2;3;66,67;ASC;;198;Common;Item;https://limitlesstcg.nyc3.cdn.digitaloceanspaces.com/tpci/ASC/ASC_198_R_EN_LG.png
Domestic;Other;Secret Box;TWM 163;2;1;2;3;66,67;TWM;;163;Ultra Rare;Item;https://limitlesstcg.nyc3.cdn.digitaloceanspaces.com/tpci/TWM/TWM_163_R_EN_LG.png
Domestic;Other;Super Rod;PAL 188;2;1;2;3;66,67;PAL;;188;Common;Item;https://limitlesstcg.nyc3.cdn.digitaloceanspaces.com/tpci/PAL/PAL_188_R_EN_LG.png
Domestic;Other;Energy Switch;MEG 115;1;1;1;3;33,33;MEG;;115;Common;Item;https://limitlesstcg.nyc3.cdn.digitaloceanspaces.com/tpci/MEG/MEG_115_R_EN_LG.png
Domestic;Other;Enhanced Hammer;TWM 148;1;1;1;3;33,33;TWM;;148;Uncommon;Item;https://limitlesstcg.nyc3.cdn.digitaloceanspaces.com/tpci/TWM/TWM_148_R_EN_LG.png
Domestic;Other;Pokégear 3.0;SSH 174;1;1;1;3;33,33;SSH;;174;Uncommon;Item;https://limitlesstcg.nyc3.cdn.digitaloceanspaces.com/tpci/SSH/SSH_174_R_EN_LG.png
Domestic;Other;Switch;MEG 130;1;1;1;3;33,33;MEG;;130;Common;Item;https://limitlesstcg.nyc3.cdn.digitaloceanspaces.com/tpci/MEG/MEG_130_R_EN_LG.png
Domestic;Other;Luminous Energy;PAL 191;5;4;2;3;66,67;PAL;;191;Uncommon;Special Energy;https://limitlesstcg.nyc3.cdn.digitaloceanspaces.com/tpci/PAL/PAL_191_R_EN_LG.png
Domestic;Other;Prism Energy;ASC 216;2;2;1;3;33,33;ASC;;216;Uncommon;Special Energy;https://limitlesstcg.nyc3.cdn.digitaloceanspaces.com/tpci/ASC/ASC_216_R_EN_LG.png
Domestic;Other;Artazon;PAL 171;5;3;2;3;66,67;PAL;;171;Uncommon;Stadium;https://limitlesstcg.nyc3.cdn.digitaloceanspaces.com/tpci/PAL/PAL_171_R_EN_LG.png
Domestic;Other;Area Zero Underdepths;PRE 94;1;1;1;3;33,33;PRE;;94;Uncommon;Stadium;https://limitlesstcg.nyc3.cdn.digitaloceanspaces.com/tpci/PRE/PRE_094_R_EN_LG.png
Domestic;Other;Forest of Vitality;ASC 188;2;2;1;3;33,33;ASC;;188;Uncommon;Stadium;https://limitlesstcg.nyc3.cdn.digitaloceanspaces.com/tpci/ASC/ASC_188_R_EN_LG.png
Domestic;Other;Team Rocket's Watchtower;ASC 210;1;1;1;3;33,33;ASC;;210;Uncommon;Stadium;https://limitlesstcg.nyc3.cdn.digitaloceanspaces.com/tpci/ASC/ASC_210_R_EN_LG.png
Domestic;Other;Arven;SVI 166;10;4;3;3;100,0;SVI;;166;Uncommon;Supporter;https://limitlesstcg.nyc3.cdn.digitaloceanspaces.com/tpci/SVI/SVI_166_R_EN_LG.png
Domestic;Other;Iono;PAL 185;8;4;2;3;66,67;PAL;;185;Uncommon;Supporter;https://limitlesstcg.nyc3.cdn.digitaloceanspaces.com/tpci/PAL/PAL_185_R_EN_LG.png
Domestic;Other;Lillie's Determination;ASC 192;8;4;2;3;66,67;ASC;;192;Uncommon;Supporter;https://limitlesstcg.nyc3.cdn.digitaloceanspaces.com/tpci/ASC/ASC_192_R_EN_LG.png
Domestic;Other;Boss's Orders;ASC 183;2;2;1;3;33,33;ASC;;183;Uncommon;Supporter;https://limitlesstcg.nyc3.cdn.digitaloceanspaces.com/tpci/ASC/ASC_183_R_EN_LG.png
Domestic;Other;Dawn;PFL 87;3;3;1;3;33,33;PFL;;87;Uncommon;Supporter;https://limitlesstcg.nyc3.cdn.digitaloceanspaces.com/tpci/PFL/PFL_087_R_EN_LG.png
Domestic;Other;Giacomo;PAL 182;1;1;1;3;33,33;PAL;;182;Uncommon;Supporter;https://limitlesstcg.nyc3.cdn.digitaloceanspaces.com/tpci/PAL/PAL_182_R_EN_LG.png
Domestic;Other;Hilda;WHT 84;1;1;1;3;33,33;WHT;;84;Uncommon;Supporter;https://limitlesstcg.nyc3.cdn.digitaloceanspaces.com/tpci/WHT/WHT_084_R_EN_LG.png
Domestic;Other;Larry's Skill;PRE 115;1;1;1;3;33,33;PRE;;115;Common;Supporter;https://limitlesstcg.nyc3.cdn.digitaloceanspaces.com/tpci/PRE/PRE_115_R_EN_LG.png
Domestic;Other;Professor's Research;PRE 122;1;1;1;3;33,33;PRE;;122;Common;Supporter;https://limitlesstcg.nyc3.cdn.digitaloceanspaces.com/tpci/PRE/PRE_122_R_EN_LG.png
Domestic;Other;Air Balloon;ASC 181;6;2;3;3;100,0;ASC;;181;Uncommon;Tool;https://limitlesstcg.nyc3.cdn.digitaloceanspaces.com/tpci/ASC/ASC_181_R_EN_LG.png
Domestic;Other;Bravery Charm;PAL 173;4;2;2;3;66,67;PAL;;173;Uncommon;Tool;https://limitlesstcg.nyc3.cdn.digitaloceanspaces.com/tpci/PAL/PAL_173_R_EN_LG.png
Domestic;Other;Technical Machine: Devolution;PAR 177;4;2;2;3;66,67;PAR;;177;Uncommon;Tool;https://limitlesstcg.nyc3.cdn.digitaloceanspaces.com/tpci/PAR/PAR_177_R_EN_LG.png
Domestic;Other;Maximum Belt;PRE 117;1;1;1;3;33,33;PRE;;117;Ultra Rare;Tool;https://limitlesstcg.nyc3.cdn.digitaloceanspaces.com/tpci/PRE/PRE_117_R_EN_LG.png
