deck_name;opponent;win_rate;record;total_games
Dragapult Dusknoir;Alakazam Dudunsparce;62,59;614 - 367 - 20;1001
Dragapult Dusknoir;Charizard Noctowl;60,45;772 - 505 - 31;1308
Dragapult Dusknoir;Mega Venusaur;57,63;204 - 150 - 9;363
Dragapult Dusknoir;Greninja;57,07;210 - 158 - 5;373
Dragapult Dusknoir;Charizard Pidgeot;56,88;546 - 414 - 20;980
Dragapult Dusknoir;Lopunny Dusknoir;55,38;288 - 232 - 3;523
Dragapult Dusknoir;Raging Bolt Ogerpon;51,94;335 - 310 - 14;659
Dragapult Dusknoir;Lucario Hariyama;51,38;167 - 158 - 6;331
Dragapult Dusknoir;Dragapult Charizard;51,31;274 - 260 - 8;542
Dragapult Dusknoir;Sharpedo Toxtricity;51,19;150 - 143 - 2;295
Dragapult Dusknoir;Dragapult Dusknoir;50,0;1444 - 1444 - 58;2946
Dragapult Dusknoir;Tera Box;50,0;190 - 190 - 8;388
Dragapult Dusknoir;Ceruledge;49,63;267 - 271 - 10;548
Dragapult Dusknoir;N's Zoroark;48,98;409 - 426 - 22;857
Dragapult Dusknoir;Gardevoir Jellicent;47,0;540 - 609 - 28;1177
Dragapult Dusknoir;Grimmsnarl Froslass;44,83;464 - 571 - 24;1059
Dragapult Dusknoir;Mega Absol Box;44,79;434 - 535 - 29;998
Dragapult Dusknoir;Gholdengo Lunatone;44,41;993 - 1243 - 53;2289
Dragapult Dusknoir;Kangaskhan Bouffalant;43,51;332 - 431 - 25;788
Dragapult Dusknoir;Gardevoir;40,71;322 - 469 - 13;804
Gholdengo Lunatone;Sharpedo Toxtricity;68,42;169 - 78 - 1;248
Gholdengo Lunatone;Lopunny Dusknoir;65,16;303 - 162 - 7;472
Gholdengo Lunatone;Lucario Hariyama;63,0;143 - 84 - 6;233
Gholdengo Lunatone;Mega Venusaur;61,33;157 - 99 - 6;262
Gholdengo Lunatone;N's Zoroark;58,95;405 - 282 - 21;708
Gholdengo Lunatone;Dragapult Dusknoir;55,59;1243 - 993 - 53;2289
Gholdengo Lunatone;Greninja;54,47;134 - 112 - 9;255
Gholdengo Lunatone;Kangaskhan Bouffalant;54,02;390 - 332 - 18;740
Gholdengo Lunatone;Raging Bolt Ogerpon;53,19;267 - 235 - 11;513
Gholdengo Lunatone;Mega Absol Box;53,12;409 - 361 - 21;791
Gholdengo Lunatone;Charizard Pidgeot;53,08;431 - 381 - 14;826
Gholdengo Lunatone;Grimmsnarl Froslass;52,6;384 - 346 - 24;754
Gholdengo Lunatone;Tera Box;51,01;176 - 169 - 6;351
Gholdengo Lunatone;Gardevoir Jellicent;50,65;509 - 496 - 63;1068
Gholdengo Lunatone;Gardevoir;50,25;302 - 299 - 29;630
Gholdengo Lunatone;Gholdengo Lunatone;50,0;1036 - 1036 - 38;2110
Gholdengo Lunatone;Charizard Noctowl;47,86;536 - 584 - 23;1143
Gholdengo Lunatone;Dragapult Charizard;45,66;179 - 213 - 6;398
Gholdengo Lunatone;Ceruledge;41,85;190 - 264 - 6;460
Gholdengo Lunatone;Alakazam Dudunsparce;38,5;318 - 508 - 13;839
Gardevoir Jellicent;Lucario Hariyama;76,23;93 - 29 - 1;123
Gardevoir Jellicent;Mega Venusaur;65,94;91 - 47 - 3;141
Gardevoir Jellicent;Greninja;63,38;90 - 52 - 1;143
Gardevoir Jellicent;Raging Bolt Ogerpon;62,41;166 - 100 - 6;272
Gardevoir Jellicent;Tera Box;55,0;99 - 81 - 3;183
Gardevoir Jellicent;Ceruledge;54,58;131 - 109 - 7;247
Gardevoir Jellicent;Alakazam Dudunsparce;53,18;226 - 199 - 18;443
Gardevoir Jellicent;Dragapult Dusknoir;53,0;609 - 540 - 28;1177
Gardevoir Jellicent;Dragapult Charizard;52,15;97 - 89 - 8;194
Gardevoir Jellicent;Gardevoir Jellicent;50,0;278 - 278 - 26;582
Gardevoir Jellicent;Gardevoir;49,71;170 - 172 - 14;356
Gardevoir Jellicent;Gholdengo Lunatone;49,35;496 - 509 - 63;1068
Gardevoir Jellicent;Lopunny Dusknoir;47,06;128 - 144 - 1;273
Gardevoir Jellicent;Kangaskhan Bouffalant;43,65;158 - 204 - 20;382
Gardevoir Jellicent;Charizard Pidgeot;43,21;194 - 255 - 27;476
Gardevoir Jellicent;Sharpedo Toxtricity;42,47;62 - 84 - 4;150
Gardevoir Jellicent;Mega Absol Box;42,01;184 - 254 - 18;456
Gardevoir Jellicent;Grimmsnarl Froslass;40,92;160 - 231 - 11;402
Gardevoir Jellicent;Charizard Noctowl;39,65;224 - 341 - 10;575
Gardevoir Jellicent;N's Zoroark;36,42;126 - 220 - 11;357
Charizard Noctowl;Alakazam Dudunsparce;63,59;276 - 158 - 10;444
Charizard Noctowl;Sharpedo Toxtricity;63,21;67 - 39 - 2;108
Charizard Noctowl;Ceruledge;62,08;149 - 91 - 3;243
Charizard Noctowl;Gardevoir;61,51;195 - 122 - 10;327
Charizard Noctowl;Gardevoir Jellicent;60,35;341 - 224 - 10;575
Charizard Noctowl;Tera Box;59,89;106 - 71 - 2;179
Charizard Noctowl;Lopunny Dusknoir;59,49;163 - 111 - 3;277
Charizard Noctowl;Charizard Pidgeot;58,17;235 - 169 - 12;416
Charizard Noctowl;Lucario Hariyama;55,56;70 - 56 - 3;129
Charizard Noctowl;Mega Venusaur;52,94;81 - 72 - 1;154
Charizard Noctowl;Raging Bolt Ogerpon;52,77;143 - 128 - 3;274
Charizard Noctowl;Gholdengo Lunatone;52,14;584 - 536 - 23;1143
Charizard Noctowl;Mega Absol Box;50,41;186 - 183 - 10;379
Charizard Noctowl;Charizard Noctowl;50,0;320 - 320 - 24;664
Charizard Noctowl;N's Zoroark;48,64;161 - 170 - 11;342
Charizard Noctowl;Greninja;48,3;71 - 76 - 4;151
Charizard Noctowl;Grimmsnarl Froslass;47,41;201 - 223 - 11;435
Charizard Noctowl;Kangaskhan Bouffalant;45,19;183 - 222 - 13;418
Charizard Noctowl;Dragapult Charizard;44,17;91 - 115 - 4;210
Charizard Noctowl;Dragapult Dusknoir;39,55;505 - 772 - 31;1308
Mega Absol Box;Gardevoir Jellicent;57,99;254 - 184 - 18;456
Mega Absol Box;Grimmsnarl Froslass;56,85;195 - 148 - 8;351
Mega Absol Box;Gardevoir;55,7;166 - 132 - 7;305
Mega Absol Box;Dragapult Dusknoir;55,21;535 - 434 - 29;998
Mega Absol Box;Mega Absol Box;50,0;203 - 203 - 20;426
Mega Absol Box;Kangaskhan Bouffalant;49,83;144 - 145 - 14;303
Mega Absol Box;Charizard Noctowl;49,59;183 - 186 - 10;379
Mega Absol Box;Dragapult Charizard;49,15;87 - 90 - 5;182
Mega Absol Box;Tera Box;48,82;83 - 87 - 2;172
Mega Absol Box;Ceruledge;48,44;109 - 116 - 8;233
Mega Absol Box;N's Zoroark;47,53;154 - 170 - 14;338
Mega Absol Box;Charizard Pidgeot;47,09;170 - 191 - 16;377
Mega Absol Box;Gholdengo Lunatone;46,88;361 - 409 - 21;791
Mega Absol Box;Alakazam Dudunsparce;46,36;153 - 177 - 14;344
Mega Absol Box;Lopunny Dusknoir;43,81;92 - 118 - 1;211
Mega Absol Box;Sharpedo Toxtricity;41,58;42 - 59 - 2;103
Mega Absol Box;Greninja;40,78;42 - 61 - 2;105
Mega Absol Box;Mega Venusaur;39,05;41 - 64 - 1;106
Mega Absol Box;Raging Bolt Ogerpon;36,6;86 - 149 - 12;247
Mega Absol Box;Lucario Hariyama;36,27;37 - 65 - 3;105
Charizard Pidgeot;Gardevoir;58,44;180 - 128 - 11;319
Charizard Pidgeot;Gardevoir Jellicent;56,79;255 - 194 - 27;476
Charizard Pidgeot;Mega Venusaur;56,67;68 - 52 - 2;122
Charizard Pidgeot;Lopunny Dusknoir;54,55;138 - 115 - 10;263
Charizard Pidgeot;Ceruledge;54,5;115 - 96 - 7;218
Charizard Pidgeot;N's Zoroark;53,64;162 - 140 - 8;310
Charizard Pidgeot;Mega Absol Box;52,91;191 - 170 - 16;377
Charizard Pidgeot;Tera Box;52,49;95 - 86 - 5;186
Charizard Pidgeot;Greninja;52,17;48 - 44 - 1;93
Charizard Pidgeot;Raging Bolt Ogerpon;51,39;111 - 105 - 4;220
Charizard Pidgeot;Lucario Hariyama;50,86;59 - 57 - 6;122
Charizard Pidgeot;Charizard Pidgeot;50,0;191 - 191 - 10;392
Charizard Pidgeot;Sharpedo Toxtricity;50,0;65 - 65 - 7;137
Charizard Pidgeot;Alakazam Dudunsparce;49,09;162 - 168 - 3;333
Charizard Pidgeot;Gholdengo Lunatone;46,92;381 - 431 - 14;826
Charizard Pidgeot;Kangaskhan Bouffalant;43,21;124 - 163 - 10;297
Charizard Pidgeot;Dragapult Dusknoir;43,12;414 - 546 - 20;980
Charizard Pidgeot;Charizard Noctowl;41,83;169 - 235 - 12;416
Charizard Pidgeot;Grimmsnarl Froslass;36,93;113 - 193 - 5;311
Charizard Pidgeot;Dragapult Charizard;36,71;58 - 100 - 6;164
Alakazam Dudunsparce;Ceruledge;74,62;147 - 50 - 2;199
Alakazam Dudunsparce;Kangaskhan Bouffalant;71,78;234 - 92 - 4;330
Alakazam Dudunsparce;Gholdengo Lunatone;61,5;508 - 318 - 13;839
Alakazam Dudunsparce;Mega Venusaur;61,29;76 - 48 - 2;126
Alakazam Dudunsparce;Sharpedo Toxtricity;61,21;71 - 45 - 2;118
Alakazam Dudunsparce;Raging Bolt Ogerpon;61,0;122 - 78 - 5;205
Alakazam Dudunsparce;Lucario Hariyama;60,0;84 - 56 - 3;143
Alakazam Dudunsparce;Tera Box;56,34;80 - 62 - 4;146
Alakazam Dudunsparce;Mega Absol Box;53,64;177 - 153 - 14;344
Alakazam Dudunsparce;Lopunny Dusknoir;53,63;96 - 83 - 1;180
Alakazam Dudunsparce;Charizard Pidgeot;50,91;168 - 162 - 3;333
Alakazam Dudunsparce;Alakazam Dudunsparce;50,0;184 - 184 - 6;374
Alakazam Dudunsparce;Greninja;48,18;53 - 57 - 3;113
Alakazam Dudunsparce;N's Zoroark;46,84;141 - 160 - 4;305
Alakazam Dudunsparce;Gardevoir Jellicent;46,82;199 - 226 - 18;443
Alakazam Dudunsparce;Gardevoir;38,55;106 - 169 - 9;284
Alakazam Dudunsparce;Grimmsnarl Froslass;38,01;149 - 243 - 10;402
Alakazam Dudunsparce;Dragapult Charizard;37,99;68 - 111 - 4;183
Alakazam Dudunsparce;Dragapult Dusknoir;37,41;367 - 614 - 20;1001
Alakazam Dudunsparce;Charizard Noctowl;36,41;158 - 276 - 10;444
Grimmsnarl Froslass;Charizard Pidgeot;63,07;193 - 113 - 5;311
Grimmsnarl Froslass;Alakazam Dudunsparce;61,99;243 - 149 - 10;402
Grimmsnarl Froslass;Dragapult Charizard;59,8;119 - 80 - 6;205
Grimmsnarl Froslass;Gardevoir Jellicent;59,08;231 - 160 - 11;402
Grimmsnarl Froslass;Gardevoir;57,2;151 - 113 - 12;276
Grimmsnarl Froslass;Lopunny Dusknoir;55,41;87 - 70 - 2;159
Grimmsnarl Froslass;Dragapult Dusknoir;55,17;571 - 464 - 24;1059
Grimmsnarl Froslass;Ceruledge;54,95;111 - 91 - 6;208
Grimmsnarl Froslass;N's Zoroark;54,33;157 - 132 - 11;300
Grimmsnarl Froslass;Charizard Noctowl;52,59;223 - 201 - 11;435
Grimmsnarl Froslass;Grimmsnarl Froslass;50,0;199 - 199 - 26;424
Grimmsnarl Froslass;Lucario Hariyama;48,25;55 - 59 - 1;115
Grimmsnarl Froslass;Gholdengo Lunatone;47,4;346 - 384 - 24;754
Grimmsnarl Froslass;Sharpedo Toxtricity;44,83;39 - 48 - 2;89
Grimmsnarl Froslass;Tera Box;43,33;52 - 68 - 5;125
Grimmsnarl Froslass;Mega Absol Box;43,15;148 - 195 - 8;351
Grimmsnarl Froslass;Kangaskhan Bouffalant;42,63;107 - 144 - 4;255
Grimmsnarl Froslass;Greninja;42,06;45 - 62 - 1;108
Grimmsnarl Froslass;Raging Bolt Ogerpon;41,52;93 - 131 - 4;228
Grimmsnarl Froslass;Mega Venusaur;38,33;46 - 74 - 4;124
N's Zoroark;Gardevoir Jellicent;63,58;220 - 126 - 11;357
N's Zoroark;Tera Box;56,82;75 - 57 - 2;134
N's Zoroark;Alakazam Dudunsparce;53,16;160 - 141 - 4;305
N's Zoroark;Mega Absol Box;52,47;170 - 154 - 14;338
N's Zoroark;Charizard Noctowl;51,36;170 - 161 - 11;342
N's Zoroark;Gardevoir;51,29;139 - 132 - 11;282
N's Zoroark;Dragapult Dusknoir;51,02;426 - 409 - 22;857
N's Zoroark;Greninja;50,98;52 - 50 - 1;103
N's Zoroark;N's Zoroark;50,0;167 - 167 - 14;348
N's Zoroark;Kangaskhan Bouffalant;46,99;125 - 141 - 7;273
N's Zoroark;Charizard Pidgeot;46,36;140 - 162 - 8;310
N's Zoroark;Lopunny Dusknoir;46,05;70 - 82 - 2;154
N's Zoroark;Grimmsnarl Froslass;45,67;132 - 157 - 11;300
N's Zoroark;Dragapult Charizard;44,24;73 - 92 - 3;168
N's Zoroark;Ceruledge;41,72;63 - 88 - 3;154
N's Zoroark;Gholdengo Lunatone;41,05;282 - 405 - 21;708
N's Zoroark;Raging Bolt Ogerpon;39,34;72 - 111 - 4;187
N's Zoroark;Lucario Hariyama;36,73;36 - 62 - 2;100
N's Zoroark;Sharpedo Toxtricity;35,42;34 - 62 - 1;97
N's Zoroark;Mega Venusaur;31,25;40 - 88 - 0;128
Kangaskhan Bouffalant;Tera Box;71,97;95 - 37 - 2;134
Kangaskhan Bouffalant;Grimmsnarl Froslass;57,37;144 - 107 - 4;255
Kangaskhan Bouffalant;Charizard Pidgeot;56,79;163 - 124 - 10;297
Kangaskhan Bouffalant;Dragapult Dusknoir;56,49;431 - 332 - 25;788
Kangaskhan Bouffalant;Gardevoir Jellicent;56,35;204 - 158 - 20;382
Kangaskhan Bouffalant;Sharpedo Toxtricity;55,91;52 - 41 - 1;94
Kangaskhan Bouffalant;Ceruledge;55,61;104 - 83 - 4;191
Kangaskhan Bouffalant;Dragapult Charizard;55,32;78 - 63 - 3;144
Kangaskhan Bouffalant;Charizard Noctowl;54,81;222 - 183 - 13;418
Kangaskhan Bouffalant;N's Zoroark;53,01;141 - 125 - 7;273
Kangaskhan Bouffalant;Gardevoir;52,26;127 - 116 - 5;248
Kangaskhan Bouffalant;Mega Absol Box;50,17;145 - 144 - 14;303
Kangaskhan Bouffalant;Kangaskhan Bouffalant;50,0;131 - 131 - 16;278
Kangaskhan Bouffalant;Lopunny Dusknoir;47,74;95 - 104 - 2;201
Kangaskhan Bouffalant;Gholdengo Lunatone;45,98;332 - 390 - 18;740
Kangaskhan Bouffalant;Greninja;43,48;40 - 52 - 1;93
Kangaskhan Bouffalant;Mega Venusaur;42,71;41 - 55 - 3;99
Kangaskhan Bouffalant;Raging Bolt Ogerpon;39,51;81 - 124 - 2;207
Kangaskhan Bouffalant;Alakazam Dudunsparce;28,22;92 - 234 - 4;330
Kangaskhan Bouffalant;Lucario Hariyama;18,18;16 - 72 - 1;89
Gardevoir;Lucario Hariyama;75,9;63 - 20 - 2;85
Gardevoir;Greninja;67,54;77 - 37 - 3;117
Gardevoir;Alakazam Dudunsparce;61,45;169 - 106 - 9;284
Gardevoir;Dragapult Dusknoir;59,29;469 - 322 - 13;804
Gardevoir;Raging Bolt Ogerpon;59,01;95 - 66 - 8;169
Gardevoir;Mega Venusaur;58,21;39 - 28 - 4;71
Gardevoir;Lopunny Dusknoir;54,11;79 - 67 - 1;147
Gardevoir;Tera Box;54,0;54 - 46 - 0;100
Gardevoir;Ceruledge;52,82;75 - 67 - 3;145
Gardevoir;Sharpedo Toxtricity;51,58;49 - 46 - 1;96
Gardevoir;Gardevoir Jellicent;50,29;172 - 170 - 14;356
Gardevoir;Gardevoir;50,0;125 - 125 - 24;274
Gardevoir;Gholdengo Lunatone;49,75;299 - 302 - 29;630
Gardevoir;N's Zoroark;48,71;132 - 139 - 11;282
Gardevoir;Kangaskhan Bouffalant;47,74;116 - 127 - 5;248
Gardevoir;Dragapult Charizard;47,59;69 - 76 - 2;147
Gardevoir;Mega Absol Box;44,3;132 - 166 - 7;305
Gardevoir;Grimmsnarl Froslass;42,8;113 - 151 - 12;276
Gardevoir;Charizard Pidgeot;41,56;128 - 180 - 11;319
Gardevoir;Charizard Noctowl;38,49;122 - 195 - 10;327
Raging Bolt Ogerpon;Sharpedo Toxtricity;80,0;48 - 12 - 1;61
Raging Bolt Ogerpon;Mega Absol Box;63,4;149 - 86 - 12;247
Raging Bolt Ogerpon;Mega Venusaur;60,71;51 - 33 - 1;85
Raging Bolt Ogerpon;N's Zoroark;60,66;111 - 72 - 4;187
Raging Bolt Ogerpon;Kangaskhan Bouffalant;60,49;124 - 81 - 2;207
Raging Bolt Ogerpon;Grimmsnarl Froslass;58,48;131 - 93 - 4;228
Raging Bolt Ogerpon;Lucario Hariyama;57,89;44 - 32 - 1;77
Raging Bolt Ogerpon;Lopunny Dusknoir;57,28;59 - 44 - 0;103
Raging Bolt Ogerpon;Dragapult Charizard;54,24;64 - 54 - 4;122
Raging Bolt Ogerpon;Greninja;54,0;54 - 46 - 2;102
Raging Bolt Ogerpon;Raging Bolt Ogerpon;50,0;87 - 87 - 4;178
Raging Bolt Ogerpon;Tera Box;50,0;44 - 44 - 3;91
Raging Bolt Ogerpon;Charizard Pidgeot;48,61;105 - 111 - 4;220
Raging Bolt Ogerpon;Dragapult Dusknoir;48,06;310 - 335 - 14;659
Raging Bolt Ogerpon;Charizard Noctowl;47,23;128 - 143 - 3;274
Raging Bolt Ogerpon;Gholdengo Lunatone;46,81;235 - 267 - 11;513
Raging Bolt Ogerpon;Ceruledge;42,37;50 - 68 - 2;120
Raging Bolt Ogerpon;Gardevoir;40,99;66 - 95 - 8;169
Raging Bolt Ogerpon;Alakazam Dudunsparce;39,0;78 - 122 - 5;205
Raging Bolt Ogerpon;Gardevoir Jellicent;37,59;100 - 166 - 6;272
Lopunny Dusknoir;Mega Venusaur;63,77;44 - 25 - 0;69
Lopunny Dusknoir;Sharpedo Toxtricity;58,67;44 - 31 - 0;75
Lopunny Dusknoir;Mega Absol Box;56,19;118 - 92 - 1;211
Lopunny Dusknoir;N's Zoroark;53,95;82 - 70 - 2;154
Lopunny Dusknoir;Gardevoir Jellicent;52,94;144 - 128 - 1;273
Lopunny Dusknoir;Kangaskhan Bouffalant;52,26;104 - 95 - 2;201
Lopunny Dusknoir;Lopunny Dusknoir;50,0;84 - 84 - 4;172
Lopunny Dusknoir;Tera Box;48,81;41 - 43 - 2;86
Lopunny Dusknoir;Alakazam Dudunsparce;46,37;83 - 96 - 1;180
Lopunny Dusknoir;Gardevoir;45,89;67 - 79 - 1;147
Lopunny Dusknoir;Charizard Pidgeot;45,45;115 - 138 - 10;263
Lopunny Dusknoir;Dragapult Dusknoir;44,62;232 - 288 - 3;523
Lopunny Dusknoir;Grimmsnarl Froslass;44,59;70 - 87 - 2;159
Lopunny Dusknoir;Ceruledge;43,65;55 - 71 - 0;126
Lopunny Dusknoir;Dragapult Charizard;43,16;41 - 54 - 1;96
Lopunny Dusknoir;Raging Bolt Ogerpon;42,72;44 - 59 - 0;103
Lopunny Dusknoir;Greninja;40,85;29 - 42 - 0;71
Lopunny Dusknoir;Charizard Noctowl;40,51;111 - 163 - 3;277
Lopunny Dusknoir;Gholdengo Lunatone;34,84;162 - 303 - 7;472
Lopunny Dusknoir;Lucario Hariyama;31,65;25 - 54 - 0;79
Ceruledge;Mega Venusaur;74,29;52 - 18 - 2;72
Ceruledge;N's Zoroark;58,28;88 - 63 - 3;154
Ceruledge;Gholdengo Lunatone;58,15;264 - 190 - 6;460
Ceruledge;Raging Bolt Ogerpon;57,63;68 - 50 - 2;120
Ceruledge;Lopunny Dusknoir;56,35;71 - 55 - 0;126
Ceruledge;Sharpedo Toxtricity;51,85;28 - 26 - 0;54
Ceruledge;Mega Absol Box;51,56;116 - 109 - 8;233
Ceruledge;Dragapult Dusknoir;50,37;271 - 267 - 10;548
Ceruledge;Ceruledge;50,0;54 - 54 - 2;110
Ceruledge;Greninja;47,37;27 - 30 - 3;60
Ceruledge;Gardevoir;47,18;67 - 75 - 3;145
Ceruledge;Charizard Pidgeot;45,5;96 - 115 - 7;218
Ceruledge;Gardevoir Jellicent;45,42;109 - 131 - 7;247
Ceruledge;Tera Box;45,35;39 - 47 - 0;86
Ceruledge;Grimmsnarl Froslass;45,05;91 - 111 - 6;208
Ceruledge;Kangaskhan Bouffalant;44,39;83 - 104 - 4;191
Ceruledge;Dragapult Charizard;38,38;38 - 61 - 2;101
Ceruledge;Charizard Noctowl;37,92;91 - 149 - 3;243
Ceruledge;Lucario Hariyama;33,33;25 - 50 - 1;76
Ceruledge;Alakazam Dudunsparce;25,38;50 - 147 - 2;199
Dragapult Charizard;Charizard Pidgeot;63,29;100 - 58 - 6;164
Dragapult Charizard;Alakazam Dudunsparce;62,01;111 - 68 - 4;183
Dragapult Charizard;Ceruledge;61,62;61 - 38 - 2;101
Dragapult Charizard;Mega Venusaur;61,54;32 - 20 - 1;53
Dragapult Charizard;Sharpedo Toxtricity;60,0;39 - 26 - 2;67
Dragapult Charizard;Lucario Hariyama;58,62;34 - 24 - 3;61
Dragapult Charizard;Lopunny Dusknoir;56,84;54 - 41 - 1;96
Dragapult Charizard;Charizard Noctowl;55,83;115 - 91 - 4;210
Dragapult Charizard;N's Zoroark;55,76;92 - 73 - 3;168
Dragapult Charizard;Tera Box;55,0;33 - 27 - 2;62
Dragapult Charizard;Gholdengo Lunatone;54,34;213 - 179 - 6;398
Dragapult Charizard;Greninja;54,17;39 - 33 - 0;72
Dragapult Charizard;Gardevoir;52,41;76 - 69 - 2;147
Dragapult Charizard;Mega Absol Box;50,85;90 - 87 - 5;182
Dragapult Charizard;Dragapult Charizard;50,0;49 - 49 - 2;100
Dragapult Charizard;Dragapult Dusknoir;48,69;260 - 274 - 8;542
Dragapult Charizard;Gardevoir Jellicent;47,85;89 - 97 - 8;194
Dragapult Charizard;Raging Bolt Ogerpon;45,76;54 - 64 - 4;122
Dragapult Charizard;Kangaskhan Bouffalant;44,68;63 - 78 - 3;144
Dragapult Charizard;Grimmsnarl Froslass;40,2;80 - 119 - 6;205
Tera Box;Greninja;65,85;27 - 14 - 1;42
Tera Box;Sharpedo Toxtricity;65,52;38 - 20 - 1;59
Tera Box;Lucario Hariyama;63,83;30 - 17 - 0;47
Tera Box;Grimmsnarl Froslass;56,67;68 - 52 - 5;125
Tera Box;Ceruledge;54,65;47 - 39 - 0;86
Tera Box;Lopunny Dusknoir;51,19;43 - 41 - 2;86
Tera Box;Mega Absol Box;51,18;87 - 83 - 2;172
Tera Box;Mega Venusaur;51,02;25 - 24 - 0;49
Tera Box;Dragapult Dusknoir;50,0;190 - 190 - 8;388
Tera Box;Raging Bolt Ogerpon;50,0;44 - 44 - 3;91
Tera Box;Tera Box;50,0;33 - 33 - 0;66
Tera Box;Gholdengo Lunatone;48,99;169 - 176 - 6;351
Tera Box;Charizard Pidgeot;47,51;86 - 95 - 5;186
Tera Box;Gardevoir;46,0;46 - 54 - 0;100
Tera Box;Gardevoir Jellicent;45,0;81 - 99 - 3;183
Tera Box;Dragapult Charizard;45,0;27 - 33 - 2;62
Tera Box;Alakazam Dudunsparce;43,66;62 - 80 - 4;146
Tera Box;N's Zoroark;43,18;57 - 75 - 2;134
Tera Box;Charizard Noctowl;40,11;71 - 106 - 2;179
Tera Box;Kangaskhan Bouffalant;28,03;37 - 95 - 2;134
Mega Venusaur;N's Zoroark;68,75;88 - 40 - 0;128
Mega Venusaur;Sharpedo Toxtricity;67,44;29 - 14 - 0;43
Mega Venusaur;Grimmsnarl Froslass;61,67;74 - 46 - 4;124
Mega Venusaur;Mega Absol Box;60,95;64 - 41 - 1;106
Mega Venusaur;Kangaskhan Bouffalant;57,29;55 - 41 - 3;99
Mega Venusaur;Mega Venusaur;50,0;40 - 40 - 0;80
Mega Venusaur;Tera Box;48,98;24 - 25 - 0;49
Mega Venusaur;Charizard Noctowl;47,06;72 - 81 - 1;154
Mega Venusaur;Greninja;46,51;20 - 23 - 0;43
Mega Venusaur;Lucario Hariyama;46,3;25 - 29 - 0;54
Mega Venusaur;Charizard Pidgeot;43,33;52 - 68 - 2;122
Mega Venusaur;Dragapult Dusknoir;42,37;150 - 204 - 9;363
Mega Venusaur;Gardevoir;41,79;28 - 39 - 4;71
Mega Venusaur;Raging Bolt Ogerpon;39,29;33 - 51 - 1;85
Mega Venusaur;Alakazam Dudunsparce;38,71;48 - 76 - 2;126
Mega Venusaur;Gholdengo Lunatone;38,67;99 - 157 - 6;262
Mega Venusaur;Dragapult Charizard;38,46;20 - 32 - 1;53
Mega Venusaur;Lopunny Dusknoir;36,23;25 - 44 - 0;69
Mega Venusaur;Gardevoir Jellicent;34,06;47 - 91 - 3;141
Mega Venusaur;Ceruledge;25,71;18 - 52 - 2;72
Sharpedo Toxtricity;N's Zoroark;64,58;62 - 34 - 1;97
Sharpedo Toxtricity;Mega Absol Box;58,42;59 - 42 - 2;103
Sharpedo Toxtricity;Gardevoir Jellicent;57,53;84 - 62 - 4;150
Sharpedo Toxtricity;Grimmsnarl Froslass;55,17;48 - 39 - 2;89
Sharpedo Toxtricity;Greninja;53,12;17 - 15 - 0;32
Sharpedo Toxtricity;Charizard Pidgeot;50,0;65 - 65 - 7;137
Sharpedo Toxtricity;Sharpedo Toxtricity;50,0;23 - 23 - 2;48
Sharpedo Toxtricity;Dragapult Dusknoir;48,81;143 - 150 - 2;295
Sharpedo Toxtricity;Gardevoir;48,42;46 - 49 - 1;96
Sharpedo Toxtricity;Ceruledge;48,15;26 - 28 - 0;54
Sharpedo Toxtricity;Kangaskhan Bouffalant;44,09;41 - 52 - 1;94
Sharpedo Toxtricity;Lopunny Dusknoir;41,33;31 - 44 - 0;75
Sharpedo Toxtricity;Dragapult Charizard;40,0;26 - 39 - 2;67
Sharpedo Toxtricity;Alakazam Dudunsparce;38,79;45 - 71 - 2;118
Sharpedo Toxtricity;Lucario Hariyama;38,3;18 - 29 - 0;47
Sharpedo Toxtricity;Charizard Noctowl;36,79;39 - 67 - 2;108
Sharpedo Toxtricity;Tera Box;34,48;20 - 38 - 1;59
Sharpedo Toxtricity;Mega Venusaur;32,56;14 - 29 - 0;43
Sharpedo Toxtricity;Gholdengo Lunatone;31,58;78 - 169 - 1;248
Sharpedo Toxtricity;Raging Bolt Ogerpon;20,0;12 - 48 - 1;61
Greninja;Mega Absol Box;59,22;61 - 42 - 2;105
Greninja;Lopunny Dusknoir;59,15;42 - 29 - 0;71
Greninja;Grimmsnarl Froslass;57,94;62 - 45 - 1;108
Greninja;Kangaskhan Bouffalant;56,52;52 - 40 - 1;93
Greninja;Mega Venusaur;53,49;23 - 20 - 0;43
Greninja;Ceruledge;52,63;30 - 27 - 3;60
Greninja;Alakazam Dudunsparce;51,82;57 - 53 - 3;113
Greninja;Charizard Noctowl;51,7;76 - 71 - 4;151
Greninja;Lucario Hariyama;51,35;19 - 18 - 2;39
Greninja;Greninja;50,0;27 - 27 - 4;58
Greninja;N's Zoroark;49,02;50 - 52 - 1;103
Greninja;Charizard Pidgeot;47,83;44 - 48 - 1;93
Greninja;Sharpedo Toxtricity;46,88;15 - 17 - 0;32
Greninja;Raging Bolt Ogerpon;46,0;46 - 54 - 2;102
Greninja;Dragapult Charizard;45,83;33 - 39 - 0;72
Greninja;Gholdengo Lunatone;45,53;112 - 134 - 9;255
Greninja;Dragapult Dusknoir;42,93;158 - 210 - 5;373
Greninja;Gardevoir Jellicent;36,62;52 - 90 - 1;143
Greninja;Tera Box;34,15;14 - 27 - 1;42
Greninja;Gardevoir;32,46;37 - 77 - 3;117
Lucario Hariyama;Kangaskhan Bouffalant;81,82;72 - 16 - 1;89
Lucario Hariyama;Lopunny Dusknoir;68,35;54 - 25 - 0;79
Lucario Hariyama;Ceruledge;66,67;50 - 25 - 1;76
Lucario Hariyama;Mega Absol Box;63,73;65 - 37 - 3;105
Lucario Hariyama;N's Zoroark;63,27;62 - 36 - 2;100
Lucario Hariyama;Sharpedo Toxtricity;61,7;29 - 18 - 0;47
Lucario Hariyama;Mega Venusaur;53,7;29 - 25 - 0;54
Lucario Hariyama;Grimmsnarl Froslass;51,75;59 - 55 - 1;115
Lucario Hariyama;Lucario Hariyama;50,0;20 - 20 - 2;42
Lucario Hariyama;Charizard Pidgeot;49,14;57 - 59 - 6;122
Lucario Hariyama;Greninja;48,65;18 - 19 - 2;39
Lucario Hariyama;Dragapult Dusknoir;48,62;158 - 167 - 6;331
Lucario Hariyama;Charizard Noctowl;44,44;56 - 70 - 3;129
Lucario Hariyama;Raging Bolt Ogerpon;42,11;32 - 44 - 1;77
Lucario Hariyama;Dragapult Charizard;41,38;24 - 34 - 3;61
Lucario Hariyama;Alakazam Dudunsparce;40,0;56 - 84 - 3;143
Lucario Hariyama;Gholdengo Lunatone;37,0;84 - 143 - 6;233
Lucario Hariyama;Tera Box;36,17;17 - 30 - 0;47
Lucario Hariyama;Gardevoir;24,1;20 - 63 - 2;85
Lucario Hariyama;Gardevoir Jellicent;23,77;29 - 93 - 1;123
Flareon Noctowl;Mega Venusaur;70,27;26 - 11 - 0;37
Flareon Noctowl;Grimmsnarl Froslass;56,64;64 - 49 - 2;115
Flareon Noctowl;Lucario Hariyama;56,41;22 - 17 - 0;39
Flareon Noctowl;Ceruledge;54,93;39 - 32 - 1;72
Flareon Noctowl;Gholdengo Lunatone;53,04;122 - 108 - 9;239
Flareon Noctowl;Gardevoir;52,63;40 - 36 - 2;78
Flareon Noctowl;Greninja;51,35;19 - 18 - 0;37
Flareon Noctowl;Raging Bolt Ogerpon;49,06;26 - 27 - 1;54
Flareon Noctowl;Alakazam Dudunsparce;47,06;56 - 63 - 5;124
Flareon Noctowl;N's Zoroark;45,35;39 - 47 - 4;90
Flareon Noctowl;Mega Absol Box;45,05;41 - 50 - 5;96
Flareon Noctowl;Tera Box;44,68;21 - 26 - 0;47
Flareon Noctowl;Charizard Noctowl;40,91;45 - 65 - 2;112
Flareon Noctowl;Charizard Pidgeot;40,59;41 - 60 - 4;105
Flareon Noctowl;Dragapult Dusknoir;39,58;112 - 171 - 5;288
Flareon Noctowl;Sharpedo Toxtricity;38,89;21 - 33 - 3;57
Flareon Noctowl;Kangaskhan Bouffalant;37,65;32 - 53 - 1;86
Flareon Noctowl;Gardevoir Jellicent;36,51;46 - 80 - 4;130
Flareon Noctowl;Lopunny Dusknoir;29,31;17 - 41 - 2;60
Flareon Noctowl;Dragapult Charizard;28,81;17 - 42 - 0;59
Joltik Box;Sharpedo Toxtricity;64,1;25 - 14 - 2;41
Joltik Box;Grimmsnarl Froslass;63,53;54 - 31 - 5;90
Joltik Box;Mega Venusaur;60,0;21 - 14 - 1;36
Joltik Box;Raging Bolt Ogerpon;59,42;41 - 28 - 2;71
Joltik Box;N's Zoroark;59,14;55 - 38 - 3;96
Joltik Box;Mega Absol Box;57,28;59 - 44 - 3;106
Joltik Box;Charizard Pidgeot;55,91;52 - 41 - 2;95
Joltik Box;Tera Box;53,85;21 - 18 - 0;39
Joltik Box;Ceruledge;51,11;23 - 22 - 2;47
Joltik Box;Lopunny Dusknoir;50,0;24 - 24 - 0;48
Joltik Box;Dragapult Charizard;50,0;20 - 20 - 0;40
Joltik Box;Dragapult Dusknoir;48,99;121 - 126 - 4;251
Joltik Box;Gardevoir Jellicent;48,11;51 - 55 - 3;109
Joltik Box;Gholdengo Lunatone;47,13;74 - 83 - 9;166
Joltik Box;Greninja;45,71;16 - 19 - 1;36
Joltik Box;Gardevoir;44,59;33 - 41 - 1;75
Joltik Box;Charizard Noctowl;41,58;42 - 59 - 0;101
Joltik Box;Alakazam Dudunsparce;38,38;38 - 61 - 1;100
Joltik Box;Lucario Hariyama;34,21;13 - 25 - 3;41
Joltik Box;Kangaskhan Bouffalant;19,18;14 - 59 - 1;74
Gholdengo;Sharpedo Toxtricity;72,5;29 - 11 - 1;41
Gholdengo;Mega Venusaur;68,09;32 - 15 - 2;49
Gholdengo;Tera Box;66,67;20 - 10 - 0;30
Gholdengo;Kangaskhan Bouffalant;60,0;42 - 28 - 3;73
Gholdengo;N's Zoroark;58,82;60 - 42 - 1;103
Gholdengo;Lucario Hariyama;55,17;16 - 13 - 2;31
Gholdengo;Lopunny Dusknoir;51,85;28 - 26 - 0;54
Gholdengo;Dragapult Charizard;51,79;29 - 27 - 0;56
Gholdengo;Greninja;51,22;21 - 20 - 0;41
Gholdengo;Charizard Pidgeot;50,65;39 - 38 - 1;78
Gholdengo;Dragapult Dusknoir;49,65;143 - 145 - 3;291
Gholdengo;Gardevoir;49,44;44 - 45 - 2;91
Gholdengo;Grimmsnarl Froslass;48,45;47 - 50 - 0;97
Gholdengo;Raging Bolt Ogerpon;46,88;30 - 34 - 0;64
Gholdengo;Mega Absol Box;45,65;42 - 50 - 1;93
Gholdengo;Gardevoir Jellicent;41,07;46 - 66 - 2;114
Gholdengo;Charizard Noctowl;39,13;36 - 56 - 1;93
Gholdengo;Gholdengo Lunatone;33,33;48 - 96 - 3;147
Gholdengo;Alakazam Dudunsparce;31,31;31 - 68 - 1;100
Gholdengo;Ceruledge;30,77;12 - 27 - 0;39
Cynthia's Garchomp;Sharpedo Toxtricity;73,33;22 - 8 - 1;31
Cynthia's Garchomp;Kangaskhan Bouffalant;72,0;54 - 21 - 1;76
Cynthia's Garchomp;Grimmsnarl Froslass;66,13;41 - 21 - 0;62
Cynthia's Garchomp;Charizard Pidgeot;61,9;52 - 32 - 1;85
Cynthia's Garchomp;N's Zoroark;59,74;46 - 31 - 3;80
Cynthia's Garchomp;Lopunny Dusknoir;58,93;33 - 23 - 1;57
Cynthia's Garchomp;Greninja;58,62;17 - 12 - 0;29
Cynthia's Garchomp;Lucario Hariyama;53,85;14 - 12 - 1;27
Cynthia's Garchomp;Dragapult Charizard;52,63;20 - 18 - 1;39
Cynthia's Garchomp;Gardevoir Jellicent;49,57;57 - 58 - 3;118
Cynthia's Garchomp;Mega Absol Box;47,06;40 - 45 - 2;87
Cynthia's Garchomp;Dragapult Dusknoir;46,64;111 - 127 - 9;247
Cynthia's Garchomp;Gardevoir;45,45;30 - 36 - 6;72
Cynthia's Garchomp;Tera Box;41,94;13 - 18 - 0;31
Cynthia's Garchomp;Raging Bolt Ogerpon;41,46;17 - 24 - 1;42
Cynthia's Garchomp;Charizard Noctowl;40,59;41 - 60 - 5;106
Cynthia's Garchomp;Gholdengo Lunatone;35,75;74 - 133 - 6;213
Cynthia's Garchomp;Ceruledge;35,56;16 - 29 - 0;45
Cynthia's Garchomp;Alakazam Dudunsparce;32,95;29 - 59 - 4;92
Cynthia's Garchomp;Mega Venusaur;29,63;8 - 19 - 0;27
Froslass Munkidori;Mega Venusaur;67,65;23 - 11 - 1;35
Froslass Munkidori;Raging Bolt Ogerpon;65,22;30 - 16 - 1;47
Froslass Munkidori;Tera Box;57,14;20 - 15 - 0;35
Froslass Munkidori;Charizard Pidgeot;56,34;40 - 31 - 2;73
Froslass Munkidori;Ceruledge;53,45;31 - 27 - 1;59
Froslass Munkidori;Sharpedo Toxtricity;50,0;12 - 12 - 1;25
Froslass Munkidori;Gholdengo Lunatone;49,72;89 - 90 - 6;185
Froslass Munkidori;Dragapult Charizard;49,02;25 - 26 - 0;51
Froslass Munkidori;Dragapult Dusknoir;44,54;102 - 127 - 3;232
Froslass Munkidori;Charizard Noctowl;43,62;41 - 53 - 2;96
Froslass Munkidori;Kangaskhan Bouffalant;43,33;26 - 34 - 1;61
Froslass Munkidori;Alakazam Dudunsparce;42,67;32 - 43 - 3;78
Froslass Munkidori;Gardevoir Jellicent;41,76;38 - 53 - 1;92
Froslass Munkidori;N's Zoroark;41,56;32 - 45 - 1;78
Froslass Munkidori;Greninja;39,02;16 - 25 - 0;41
Froslass Munkidori;Gardevoir;38,64;17 - 27 - 1;45
Froslass Munkidori;Lucario Hariyama;37,93;11 - 18 - 0;29
Froslass Munkidori;Lopunny Dusknoir;37,04;10 - 17 - 0;27
Froslass Munkidori;Grimmsnarl Froslass;36,23;25 - 44 - 1;70
Froslass Munkidori;Mega Absol Box;35,24;37 - 68 - 4;109
Slowking;Lucario Hariyama;71,05;27 - 11 - 0;38
Slowking;Ceruledge;67,39;31 - 15 - 0;46
Slowking;Sharpedo Toxtricity;60,0;15 - 10 - 0;25
Slowking;Charizard Pidgeot;59,7;40 - 27 - 0;67
Slowking;Kangaskhan Bouffalant;52,83;28 - 25 - 0;53
Slowking;Mega Absol Box;51,76;44 - 41 - 2;87
Slowking;Charizard Noctowl;51,25;41 - 39 - 2;82
Slowking;Dragapult Charizard;50,0;19 - 19 - 1;39
Slowking;Gholdengo Lunatone;49,38;79 - 81 - 2;162
Slowking;Grimmsnarl Froslass;49,18;30 - 31 - 1;62
Slowking;Tera Box;46,15;12 - 14 - 1;27
Slowking;Alakazam Dudunsparce;42,19;27 - 37 - 1;65
Slowking;Gardevoir;41,51;22 - 31 - 2;55
Slowking;Dragapult Dusknoir;40,21;78 - 116 - 0;194
Slowking;Gardevoir Jellicent;38,71;36 - 57 - 2;95
Slowking;N's Zoroark;38,33;23 - 37 - 2;62
Slowking;Lopunny Dusknoir;37,78;17 - 28 - 0;45
Slowking;Greninja;37,5;12 - 20 - 0;32
Slowking;Mega Venusaur;34,62;9 - 17 - 0;26
Slowking;Raging Bolt Ogerpon;29,73;11 - 26 - 1;38
Seaking Festival Lead;Sharpedo Toxtricity;85,0;17 - 3 - 0;20
Seaking Festival Lead;N's Zoroark;77,78;56 - 16 - 2;74
Seaking Festival Lead;Mega Venusaur;72,73;16 - 6 - 0;22
Seaking Festival Lead;Charizard Pidgeot;67,47;56 - 27 - 1;84
Seaking Festival Lead;Raging Bolt Ogerpon;66,67;34 - 17 - 1;52
Seaking Festival Lead;Ceruledge;62,5;20 - 12 - 0;32
Seaking Festival Lead;Tera Box;62,5;20 - 12 - 0;32
Seaking Festival Lead;Alakazam Dudunsparce;61,45;51 - 32 - 1;84
Seaking Festival Lead;Mega Absol Box;60,29;41 - 27 - 2;70
Seaking Festival Lead;Lopunny Dusknoir;59,09;26 - 18 - 0;44
Seaking Festival Lead;Gholdengo Lunatone;56,59;103 - 79 - 2;184
Seaking Festival Lead;Charizard Noctowl;54,37;56 - 47 - 4;107
Seaking Festival Lead;Greninja;51,22;21 - 20 - 1;42
Seaking Festival Lead;Lucario Hariyama;43,48;10 - 13 - 0;23
Seaking Festival Lead;Gardevoir Jellicent;41,67;35 - 49 - 2;86
Seaking Festival Lead;Grimmsnarl Froslass;41,56;32 - 45 - 0;77
Seaking Festival Lead;Gardevoir;40,58;28 - 41 - 0;69
Seaking Festival Lead;Dragapult Dusknoir;32,24;69 - 145 - 2;216
Seaking Festival Lead;Kangaskhan Bouffalant;29,23;19 - 46 - 0;65
Seaking Festival Lead;Dragapult Charizard;20,0;6 - 24 - 1;31
Festival Lead;N's Zoroark;72,58;45 - 17 - 1;63
Festival Lead;Charizard Pidgeot;71,74;33 - 13 - 2;48
Festival Lead;Mega Venusaur;62,5;15 - 9 - 0;24
Festival Lead;Lucario Hariyama;61,29;19 - 12 - 1;32
Festival Lead;Ceruledge;59,26;16 - 11 - 3;30
Festival Lead;Tera Box;59,09;13 - 9 - 1;23
Festival Lead;Sharpedo Toxtricity;58,33;14 - 10 - 0;24
Festival Lead;Greninja;58,06;18 - 13 - 0;31
Festival Lead;Raging Bolt Ogerpon;54,76;23 - 19 - 0;42
Festival Lead;Gholdengo Lunatone;54,24;64 - 54 - 5;123
Festival Lead;Alakazam Dudunsparce;53,45;31 - 27 - 1;59
Festival Lead;Lopunny Dusknoir;45,71;16 - 19 - 2;37
Festival Lead;Mega Absol Box;45,45;30 - 36 - 1;67
Festival Lead;Dragapult Charizard;42,86;12 - 16 - 0;28
Festival Lead;Grimmsnarl Froslass;41,94;26 - 36 - 1;63
Festival Lead;Charizard Noctowl;39,62;21 - 32 - 1;54
Festival Lead;Gardevoir Jellicent;35,71;20 - 36 - 0;56
Festival Lead;Dragapult Dusknoir;34,18;54 - 104 - 2;160
Festival Lead;Gardevoir;29,41;10 - 24 - 0;34
Festival Lead;Kangaskhan Bouffalant;26,19;11 - 31 - 2;44
Hydreigon;Gardevoir;65,71;23 - 12 - 0;35
Hydreigon;Lopunny Dusknoir;55,17;16 - 13 - 0;29
Hydreigon;Gardevoir Jellicent;52,38;33 - 30 - 0;63
Hydreigon;Raging Bolt Ogerpon;47,22;17 - 19 - 0;36
Hydreigon;Charizard Pidgeot;44,26;27 - 34 - 0;61
Hydreigon;Alakazam Dudunsparce;43,1;25 - 33 - 1;59
Hydreigon;Ceruledge;41,67;15 - 21 - 0;36
Hydreigon;Dragapult Dusknoir;41,44;46 - 65 - 1;112
Hydreigon;Charizard Noctowl;41,07;23 - 33 - 1;57
Hydreigon;Greninja;40,0;8 - 12 - 0;20
Hydreigon;Grimmsnarl Froslass;39,39;13 - 20 - 0;33
Hydreigon;Sharpedo Toxtricity;37,04;10 - 17 - 0;27
Hydreigon;Tera Box;36,84;7 - 12 - 0;19
Hydreigon;Mega Absol Box;33,33;18 - 36 - 1;55
Hydreigon;Dragapult Charizard;33,33;7 - 14 - 0;21
Hydreigon;Gholdengo Lunatone;32,06;42 - 89 - 0;131
Hydreigon;Kangaskhan Bouffalant;32,0;16 - 34 - 2;52
Hydreigon;N's Zoroark;30,0;12 - 28 - 2;42
Hydreigon;Lucario Hariyama;29,41;5 - 12 - 0;17
Hydreigon;Mega Venusaur;16,67;3 - 15 - 0;18
Pidgeot Control;Ceruledge;67,74;21 - 10 - 2;33
Pidgeot Control;Charizard Noctowl;67,24;39 - 19 - 4;62
Pidgeot Control;Dragapult Dusknoir;61,68;103 - 64 - 11;178
Pidgeot Control;Tera Box;57,14;8 - 6 - 3;17
Pidgeot Control;Raging Bolt Ogerpon;55,17;16 - 13 - 1;30
Pidgeot Control;Sharpedo Toxtricity;53,85;7 - 6 - 0;13
Pidgeot Control;Kangaskhan Bouffalant;53,06;26 - 23 - 3;52
Pidgeot Control;Alakazam Dudunsparce;51,67;31 - 29 - 4;64
Pidgeot Control;Charizard Pidgeot;50,88;29 - 28 - 2;59
Pidgeot Control;Dragapult Charizard;50,0;15 - 15 - 1;31
Pidgeot Control;Lopunny Dusknoir;50,0;14 - 14 - 1;29
Pidgeot Control;Gardevoir;48,89;22 - 23 - 7;52
Pidgeot Control;Gardevoir Jellicent;46,75;36 - 41 - 8;85
Pidgeot Control;Gholdengo Lunatone;44,35;51 - 64 - 6;121
Pidgeot Control;Mega Absol Box;37,74;20 - 33 - 3;56
Pidgeot Control;N's Zoroark;34,88;15 - 28 - 0;43
Pidgeot Control;Lucario Hariyama;28,57;4 - 10 - 4;18
Pidgeot Control;Grimmsnarl Froslass;27,54;19 - 50 - 2;71
Pidgeot Control;Greninja;25,0;4 - 12 - 1;17
Pidgeot Control;Mega Venusaur;17,65;3 - 14 - 1;18
Dragapult;Raging Bolt Ogerpon;67,65;23 - 11 - 0;34
Dragapult;Alakazam Dudunsparce;64,81;35 - 19 - 5;59
Dragapult;Mega Venusaur;64,71;11 - 6 - 0;17
Dragapult;Sharpedo Toxtricity;58,33;7 - 5 - 0;12
Dragapult;Charizard Pidgeot;58,06;36 - 26 - 1;63
Dragapult;Ceruledge;57,58;19 - 14 - 0;33
Dragapult;Lopunny Dusknoir;56,0;14 - 11 - 1;26
Dragapult;Charizard Noctowl;55,79;53 - 42 - 0;95
Dragapult;Gholdengo Lunatone;54,39;62 - 52 - 2;116
Dragapult;Dragapult Dusknoir;53,37;95 - 83 - 1;179
Dragapult;N's Zoroark;50,0;24 - 24 - 2;50
Dragapult;Mega Absol Box;48,98;24 - 25 - 4;53
Dragapult;Lucario Hariyama;48,15;13 - 14 - 1;28
Dragapult;Gardevoir Jellicent;42,86;24 - 32 - 1;57
Dragapult;Grimmsnarl Froslass;42,62;26 - 35 - 1;62
Dragapult;Dragapult Charizard;39,47;15 - 23 - 1;39
Dragapult;Tera Box;38,46;10 - 16 - 1;27
Dragapult;Kangaskhan Bouffalant;37,74;20 - 33 - 2;55
Dragapult;Greninja;36,84;7 - 12 - 0;19
Dragapult;Gardevoir;22,5;9 - 31 - 2;42
Crustle;Tera Box;76,92;20 - 6 - 0;26
Crustle;Ceruledge;70,0;28 - 12 - 1;41
Crustle;Dragapult Charizard;67,74;21 - 10 - 1;32
Crustle;Gholdengo Lunatone;67,18;88 - 43 - 1;132
Crustle;Grimmsnarl Froslass;59,57;28 - 19 - 2;49
Crustle;Kangaskhan Bouffalant;58,0;29 - 21 - 4;54
Crustle;Sharpedo Toxtricity;57,14;12 - 9 - 3;24
Crustle;N's Zoroark;51,92;27 - 25 - 0;52
Crustle;Charizard Noctowl;49,38;40 - 41 - 1;82
Crustle;Mega Absol Box;49,12;28 - 29 - 3;60
Crustle;Dragapult Dusknoir;46,75;79 - 90 - 9;178
Crustle;Charizard Pidgeot;45,45;25 - 30 - 4;59
Crustle;Raging Bolt Ogerpon;45,45;15 - 18 - 1;34
Crustle;Alakazam Dudunsparce;44,68;21 - 26 - 0;47
Crustle;Greninja;41,67;10 - 14 - 0;24
Crustle;Lucario Hariyama;38,89;7 - 11 - 1;19
Crustle;Mega Venusaur;34,78;8 - 15 - 0;23
Crustle;Lopunny Dusknoir;23,08;9 - 30 - 0;39
Crustle;Gardevoir;22,64;12 - 41 - 0;53
Crustle;Gardevoir Jellicent;17,91;12 - 55 - 4;71
Rocket's Mewtwo;Alakazam Dudunsparce;82,54;52 - 11 - 1;64
Rocket's Mewtwo;Greninja;80,0;12 - 3 - 0;15
Rocket's Mewtwo;Sharpedo Toxtricity;68,42;13 - 6 - 0;19
Rocket's Mewtwo;Lucario Hariyama;66,67;14 - 7 - 0;21
Rocket's Mewtwo;N's Zoroark;65,57;40 - 21 - 1;62
Rocket's Mewtwo;Charizard Pidgeot;55,0;22 - 18 - 0;40
Rocket's Mewtwo;Tera Box;54,55;12 - 10 - 0;22
Rocket's Mewtwo;Ceruledge;52,38;22 - 20 - 1;43
Rocket's Mewtwo;Grimmsnarl Froslass;46,88;30 - 34 - 0;64
Rocket's Mewtwo;Lopunny Dusknoir;45,45;15 - 18 - 0;33
Rocket's Mewtwo;Raging Bolt Ogerpon;42,31;11 - 15 - 0;26
Rocket's Mewtwo;Gardevoir Jellicent;40,38;21 - 31 - 0;52
Rocket's Mewtwo;Dragapult Dusknoir;38,92;72 - 113 - 1;186
Rocket's Mewtwo;Mega Venusaur;34,48;10 - 19 - 0;29
Rocket's Mewtwo;Mega Absol Box;34,0;17 - 33 - 1;51
Rocket's Mewtwo;Dragapult Charizard;33,33;7 - 14 - 1;22
Rocket's Mewtwo;Charizard Noctowl;31,37;16 - 35 - 1;52
Rocket's Mewtwo;Gholdengo Lunatone;27,84;27 - 70 - 1;98
Rocket's Mewtwo;Gardevoir;22,86;8 - 27 - 2;37
Rocket's Mewtwo;Kangaskhan Bouffalant;19,23;10 - 42 - 2;54
Toxtricity Box;Lopunny Dusknoir;64,86;24 - 13 - 1;38
Toxtricity Box;Sharpedo Toxtricity;63,16;12 - 7 - 0;19
Toxtricity Box;Tera Box;57,14;16 - 12 - 0;28
Toxtricity Box;Lucario Hariyama;57,14;12 - 9 - 0;21
Toxtricity Box;Mega Venusaur;56,25;9 - 7 - 1;17
Toxtricity Box;Kangaskhan Bouffalant;54,76;23 - 19 - 1;43
Toxtricity Box;N's Zoroark;53,66;22 - 19 - 0;41
Toxtricity Box;Mega Absol Box;52,38;22 - 20 - 1;43
Toxtricity Box;Raging Bolt Ogerpon;52,38;11 - 10 - 1;22
Toxtricity Box;Alakazam Dudunsparce;51,35;19 - 18 - 0;37
Toxtricity Box;Gardevoir Jellicent;50,0;36 - 36 - 1;73
Toxtricity Box;Gardevoir;50,0;20 - 20 - 0;40
Toxtricity Box;Dragapult Dusknoir;45,08;55 - 67 - 4;126
Toxtricity Box;Ceruledge;43,33;13 - 17 - 1;31
Toxtricity Box;Charizard Noctowl;40,0;20 - 30 - 1;51
Toxtricity Box;Charizard Pidgeot;39,68;25 - 38 - 4;67
Toxtricity Box;Grimmsnarl Froslass;38,3;18 - 29 - 0;47
Toxtricity Box;Gholdengo Lunatone;33,02;35 - 71 - 5;111
Toxtricity Box;Dragapult Charizard;25,0;5 - 15 - 0;20
Toxtricity Box;Greninja;21,43;3 - 11 - 1;15
Ethan's Typhlosion;Mega Venusaur;78,95;15 - 4 - 0;19
Ethan's Typhlosion;Raging Bolt Ogerpon;63,89;23 - 13 - 0;36
Ethan's Typhlosion;N's Zoroark;61,11;33 - 21 - 0;54
Ethan's Typhlosion;Gholdengo Lunatone;60,66;74 - 48 - 1;123
Ethan's Typhlosion;Mega Absol Box;56,25;27 - 21 - 1;49
Ethan's Typhlosion;Lucario Hariyama;47,37;9 - 10 - 0;19
Ethan's Typhlosion;Sharpedo Toxtricity;45,45;10 - 12 - 0;22
Ethan's Typhlosion;Lopunny Dusknoir;44,44;16 - 20 - 0;36
Ethan's Typhlosion;Tera Box;44,44;12 - 15 - 1;28
Ethan's Typhlosion;Charizard Pidgeot;42,19;27 - 37 - 3;67
Ethan's Typhlosion;Ceruledge;40,54;15 - 22 - 0;37
Ethan's Typhlosion;Gardevoir Jellicent;38,78;19 - 30 - 1;50
Ethan's Typhlosion;Alakazam Dudunsparce;37,5;21 - 35 - 2;58
Ethan's Typhlosion;Grimmsnarl Froslass;37,5;15 - 25 - 0;40
Ethan's Typhlosion;Greninja;36,84;7 - 12 - 1;20
Ethan's Typhlosion;Kangaskhan Bouffalant;35,56;16 - 29 - 0;45
Ethan's Typhlosion;Dragapult Charizard;35,0;7 - 13 - 0;20
Ethan's Typhlosion;Gardevoir;33,33;11 - 22 - 2;35
Ethan's Typhlosion;Dragapult Dusknoir;32,88;48 - 98 - 1;147
Ethan's Typhlosion;Charizard Noctowl;30,77;20 - 45 - 0;65
Ursaluna Lunatone;Sharpedo Toxtricity;57,89;11 - 8 - 0;19
Ursaluna Lunatone;Charizard Pidgeot;57,14;24 - 18 - 0;42
Ursaluna Lunatone;Gholdengo Lunatone;54,76;46 - 38 - 0;84
Ursaluna Lunatone;Alakazam Dudunsparce;53,66;22 - 19 - 2;43
Ursaluna Lunatone;Kangaskhan Bouffalant;53,12;17 - 15 - 0;32
Ursaluna Lunatone;Lopunny Dusknoir;52,38;11 - 10 - 0;21
Ursaluna Lunatone;Raging Bolt Ogerpon;51,35;19 - 18 - 0;37
Ursaluna Lunatone;Gardevoir;50,0;11 - 11 - 1;23
Ursaluna Lunatone;Charizard Noctowl;48,84;21 - 22 - 1;44
Ursaluna Lunatone;Lucario Hariyama;46,15;6 - 7 - 1;14
Ursaluna Lunatone;Greninja;46,15;6 - 7 - 0;13
Ursaluna Lunatone;Mega Venusaur;46,15;6 - 7 - 0;13
Ursaluna Lunatone;Ceruledge;45,83;11 - 13 - 0;24
Ursaluna Lunatone;Dragapult Dusknoir;45,54;46 - 55 - 4;105
Ursaluna Lunatone;Tera Box;42,86;3 - 4 - 0;7
Ursaluna Lunatone;Gardevoir Jellicent;41,46;17 - 24 - 3;44
Ursaluna Lunatone;Grimmsnarl Froslass;40,74;11 - 16 - 0;27
Ursaluna Lunatone;Dragapult Charizard;40,0;8 - 12 - 0;20
Ursaluna Lunatone;N's Zoroark;36,0;9 - 16 - 1;26
Ursaluna Lunatone;Mega Absol Box;35,56;16 - 29 - 1;46
Mega Lucario;Mega Absol Box;68,75;22 - 10 - 1;33
Mega Lucario;Mega Venusaur;66,67;8 - 4 - 0;12
Mega Lucario;Sharpedo Toxtricity;62,5;5 - 3 - 1;9
Mega Lucario;Kangaskhan Bouffalant;56,52;13 - 10 - 0;23
Mega Lucario;Grimmsnarl Froslass;55,17;16 - 13 - 0;29
Mega Lucario;Lopunny Dusknoir;52,63;10 - 9 - 0;19
Mega Lucario;N's Zoroark;52,0;13 - 12 - 0;25
Mega Lucario;Charizard Pidgeot;50,0;14 - 14 - 0;28
Mega Lucario;Charizard Noctowl;50,0;12 - 12 - 0;24
Mega Lucario;Dragapult Dusknoir;49,32;36 - 37 - 0;73
Mega Lucario;Alakazam Dudunsparce;46,15;12 - 14 - 0;26
Mega Lucario;Dragapult Charizard;44,44;8 - 10 - 0;18
Mega Lucario;Ceruledge;38,46;5 - 8 - 0;13
Mega Lucario;Tera Box;37,5;6 - 10 - 1;17
Mega Lucario;Gholdengo Lunatone;37,1;23 - 39 - 1;63
Mega Lucario;Lucario Hariyama;33,33;5 - 10 - 0;15
Mega Lucario;Greninja;33,33;3 - 6 - 0;9
Mega Lucario;Raging Bolt Ogerpon;31,58;6 - 13 - 0;19
Mega Lucario;Gardevoir Jellicent;17,39;4 - 19 - 1;24
Mega Lucario;Gardevoir;0,0;0 - 19 - 1;20
Ho-Oh Armarouge;Sharpedo Toxtricity;63,64;7 - 4 - 0;11
Ho-Oh Armarouge;Raging Bolt Ogerpon;61,54;16 - 10 - 0;26
Ho-Oh Armarouge;Greninja;61,54;8 - 5 - 1;14
Ho-Oh Armarouge;Dragapult Charizard;60,0;9 - 6 - 0;15
Ho-Oh Armarouge;Grimmsnarl Froslass;54,55;18 - 15 - 1;34
Ho-Oh Armarouge;Gholdengo Lunatone;54,24;32 - 27 - 0;59
Ho-Oh Armarouge;N's Zoroark;47,83;11 - 12 - 0;23
Ho-Oh Armarouge;Tera Box;46,67;7 - 8 - 0;15
Ho-Oh Armarouge;Dragapult Dusknoir;46,51;40 - 46 - 1;87
Ho-Oh Armarouge;Mega Absol Box;45,71;16 - 19 - 1;36
Ho-Oh Armarouge;Lucario Hariyama;44,44;4 - 5 - 0;9
Ho-Oh Armarouge;Mega Venusaur;44,44;4 - 5 - 0;9
Ho-Oh Armarouge;Ceruledge;42,86;6 - 8 - 0;14
Ho-Oh Armarouge;Gardevoir;40,91;9 - 13 - 2;24
Ho-Oh Armarouge;Gardevoir Jellicent;40,0;16 - 24 - 0;40
Ho-Oh Armarouge;Alakazam Dudunsparce;38,46;10 - 16 - 1;27
Ho-Oh Armarouge;Charizard Pidgeot;32,43;12 - 25 - 0;37
Ho-Oh Armarouge;Kangaskhan Bouffalant;27,27;6 - 16 - 0;22
Ho-Oh Armarouge;Lopunny Dusknoir;22,22;4 - 14 - 0;18
Ho-Oh Armarouge;Charizard Noctowl;21,43;9 - 33 - 0;42
Gholdengo Joltik Box;Sharpedo Toxtricity;72,73;8 - 3 - 0;11
Gholdengo Joltik Box;Gardevoir;70,97;22 - 9 - 1;32
Gholdengo Joltik Box;Gardevoir Jellicent;68,57;24 - 11 - 2;37
Gholdengo Joltik Box;Grimmsnarl Froslass;56,25;18 - 14 - 0;32
Gholdengo Joltik Box;Dragapult Dusknoir;55,56;40 - 32 - 1;73
Gholdengo Joltik Box;Lopunny Dusknoir;55,56;15 - 12 - 0;27
Gholdengo Joltik Box;Mega Absol Box;50,0;14 - 14 - 0;28
Gholdengo Joltik Box;Charizard Pidgeot;48,72;19 - 20 - 0;39
Gholdengo Joltik Box;Charizard Noctowl;46,15;18 - 21 - 0;39
Gholdengo Joltik Box;Dragapult Charizard;46,15;6 - 7 - 0;13
Gholdengo Joltik Box;Ceruledge;45,0;9 - 11 - 0;20
Gholdengo Joltik Box;Kangaskhan Bouffalant;43,33;13 - 17 - 0;30
Gholdengo Joltik Box;Gholdengo Lunatone;39,78;37 - 56 - 1;94
Gholdengo Joltik Box;Raging Bolt Ogerpon;37,5;6 - 10 - 0;16
Gholdengo Joltik Box;Tera Box;37,5;3 - 5 - 1;9
Gholdengo Joltik Box;N's Zoroark;34,78;8 - 15 - 0;23
Gholdengo Joltik Box;Lucario Hariyama;33,33;3 - 6 - 0;9
Gholdengo Joltik Box;Greninja;33,33;2 - 4 - 0;6
Gholdengo Joltik Box;Mega Venusaur;28,57;2 - 5 - 0;7
Gholdengo Joltik Box;Alakazam Dudunsparce;22,22;6 - 21 - 1;28
Mega Charizard X;N's Zoroark;62,5;15 - 9 - 2;26
Mega Charizard X;Mega Venusaur;57,14;4 - 3 - 1;8
Mega Charizard X;Sharpedo Toxtricity;50,0;11 - 11 - 1;23
Mega Charizard X;Lucario Hariyama;50,0;5 - 5 - 0;10
Mega Charizard X;Mega Absol Box;48,48;16 - 17 - 0;33
Mega Charizard X;Lopunny Dusknoir;46,67;7 - 8 - 0;15
Mega Charizard X;Kangaskhan Bouffalant;44,0;11 - 14 - 1;26
Mega Charizard X;Charizard Noctowl;43,48;10 - 13 - 0;23
Mega Charizard X;Ceruledge;41,18;7 - 10 - 1;18
Mega Charizard X;Charizard Pidgeot;38,46;10 - 16 - 1;27
Mega Charizard X;Dragapult Charizard;37,5;3 - 5 - 1;9
Mega Charizard X;Greninja;35,71;5 - 9 - 0;14
Mega Charizard X;Dragapult Dusknoir;34,33;23 - 44 - 1;68
Mega Charizard X;Gardevoir;33,33;6 - 12 - 0;18
Mega Charizard X;Raging Bolt Ogerpon;33,33;4 - 8 - 0;12
Mega Charizard X;Gardevoir Jellicent;31,11;14 - 31 - 0;45
Mega Charizard X;Gholdengo Lunatone;29,82;17 - 40 - 0;57
Mega Charizard X;Grimmsnarl Froslass;14,71;5 - 29 - 0;34
Mega Charizard X;Alakazam Dudunsparce;14,29;3 - 18 - 1;22
Mega Charizard X;Tera Box;9,09;1 - 10 - 0;11
Iron Hands Magneton;Sharpedo Toxtricity;100,0;4 - 0 - 0;4
Iron Hands Magneton;Gardevoir;70,59;12 - 5 - 0;17
Iron Hands Magneton;Dragapult Dusknoir;60,2;59 - 39 - 0;98
Iron Hands Magneton;Mega Venusaur;57,89;11 - 8 - 0;19
Iron Hands Magneton;Lopunny Dusknoir;54,55;6 - 5 - 0;11
Iron Hands Magneton;Lucario Hariyama;54,55;6 - 5 - 0;11
Iron Hands Magneton;Grimmsnarl Froslass;53,33;16 - 14 - 0;30
Iron Hands Magneton;Raging Bolt Ogerpon;47,62;10 - 11 - 0;21
Iron Hands Magneton;Alakazam Dudunsparce;46,15;12 - 14 - 1;27
Iron Hands Magneton;Tera Box;46,15;6 - 7 - 1;14
Iron Hands Magneton;Gardevoir Jellicent;43,33;13 - 17 - 0;30
Iron Hands Magneton;Gholdengo Lunatone;42,19;27 - 37 - 0;64
Iron Hands Magneton;Ceruledge;41,67;5 - 7 - 0;12
Iron Hands Magneton;Mega Absol Box;41,38;12 - 17 - 1;30
Iron Hands Magneton;Greninja;41,18;7 - 10 - 0;17
Iron Hands Magneton;Dragapult Charizard;33,33;4 - 8 - 1;13
Iron Hands Magneton;Charizard Noctowl;32,26;10 - 21 - 0;31
Iron Hands Magneton;N's Zoroark;28,57;8 - 20 - 0;28
Iron Hands Magneton;Charizard Pidgeot;20,83;5 - 19 - 0;24
Iron Hands Magneton;Kangaskhan Bouffalant;0,0;0 - 14 - 0;14
Ogerpon Meganium;Lucario Hariyama;66,67;8 - 4 - 0;12
Ogerpon Meganium;Mega Absol Box;65,38;17 - 9 - 0;26
Ogerpon Meganium;Mega Venusaur;64,29;9 - 5 - 0;14
Ogerpon Meganium;Sharpedo Toxtricity;58,82;10 - 7 - 0;17
Ogerpon Meganium;Grimmsnarl Froslass;57,58;19 - 14 - 0;33
Ogerpon Meganium;Kangaskhan Bouffalant;56,0;14 - 11 - 0;25
Ogerpon Meganium;N's Zoroark;55,56;15 - 12 - 0;27
Ogerpon Meganium;Charizard Noctowl;55,0;11 - 9 - 0;20
Ogerpon Meganium;Dragapult Charizard;54,55;6 - 5 - 0;11
Ogerpon Meganium;Charizard Pidgeot;53,57;15 - 13 - 0;28
Ogerpon Meganium;Dragapult Dusknoir;46,24;43 - 50 - 1;94
Ogerpon Meganium;Gardevoir Jellicent;43,18;19 - 25 - 0;44
Ogerpon Meganium;Ceruledge;41,67;5 - 7 - 0;12
Ogerpon Meganium;Raging Bolt Ogerpon;39,13;9 - 14 - 0;23
Ogerpon Meganium;Gholdengo Lunatone;38,0;19 - 31 - 1;51
Ogerpon Meganium;Greninja;37,5;6 - 10 - 0;16
Ogerpon Meganium;Alakazam Dudunsparce;34,62;9 - 17 - 0;26
Ogerpon Meganium;Tera Box;30,0;3 - 7 - 0;10
Ogerpon Meganium;Lopunny Dusknoir;25,0;4 - 12 - 0;16
Ogerpon Meganium;Gardevoir;22,22;4 - 14 - 0;18
Marnie's Grimmsnarl;Sharpedo Toxtricity;69,23;9 - 4 - 0;13
Marnie's Grimmsnarl;Mega Venusaur;66,67;4 - 2 - 1;7
Marnie's Grimmsnarl;Grimmsnarl Froslass;57,89;11 - 8 - 1;20
Marnie's Grimmsnarl;Dragapult Dusknoir;54,69;35 - 29 - 2;66
Marnie's Grimmsnarl;Gardevoir Jellicent;54,55;12 - 10 - 0;22
Marnie's Grimmsnarl;Greninja;54,55;6 - 5 - 1;12
Marnie's Grimmsnarl;Gardevoir;50,0;8 - 8 - 0;16
Marnie's Grimmsnarl;Charizard Pidgeot;46,67;14 - 16 - 1;31
Marnie's Grimmsnarl;Tera Box;45,45;5 - 6 - 0;11
Marnie's Grimmsnarl;Charizard Noctowl;44,83;13 - 16 - 1;30
Marnie's Grimmsnarl;Raging Bolt Ogerpon;43,75;7 - 9 - 0;16
Marnie's Grimmsnarl;Kangaskhan Bouffalant;41,18;7 - 10 - 1;18
Marnie's Grimmsnarl;Lopunny Dusknoir;40,91;9 - 13 - 0;22
Marnie's Grimmsnarl;Alakazam Dudunsparce;36,0;9 - 16 - 1;26
Marnie's Grimmsnarl;Gholdengo Lunatone;35,09;20 - 37 - 6;63
Marnie's Grimmsnarl;Dragapult Charizard;28,57;2 - 5 - 0;7
Marnie's Grimmsnarl;Lucario Hariyama;28,57;2 - 5 - 0;7
Marnie's Grimmsnarl;Ceruledge;26,67;4 - 11 - 0;15
Marnie's Grimmsnarl;Mega Absol Box;23,33;7 - 23 - 1;31
Marnie's Grimmsnarl;N's Zoroark;21,05;4 - 15 - 0;19
Hop's Zacian;Raging Bolt Ogerpon;58,33;7 - 5 - 0;12
Hop's Zacian;Sharpedo Toxtricity;54,55;6 - 5 - 0;11
Hop's Zacian;Greninja;50,0;2 - 2 - 0;4
Hop's Zacian;Gholdengo Lunatone;46,81;22 - 25 - 0;47
Hop's Zacian;N's Zoroark;46,67;7 - 8 - 0;15
Hop's Zacian;Tera Box;44,44;4 - 5 - 0;9
Hop's Zacian;Gardevoir Jellicent;43,48;10 - 13 - 1;24
Hop's Zacian;Alakazam Dudunsparce;43,48;10 - 13 - 0;23
Hop's Zacian;Lopunny Dusknoir;41,18;7 - 10 - 0;17
Hop's Zacian;Mega Venusaur;40,0;2 - 3 - 0;5
Hop's Zacian;Gardevoir;38,46;5 - 8 - 0;13
Hop's Zacian;Mega Absol Box;36,0;9 - 16 - 1;26
Hop's Zacian;Charizard Pidgeot;35,48;11 - 20 - 0;31
Hop's Zacian;Dragapult Dusknoir;35,42;17 - 31 - 1;49
Hop's Zacian;Charizard Noctowl;35,0;7 - 13 - 0;20
Hop's Zacian;Grimmsnarl Froslass;33,33;7 - 14 - 0;21
Hop's Zacian;Lucario Hariyama;25,0;2 - 6 - 0;8
Hop's Zacian;Ceruledge;11,76;2 - 15 - 0;17
Hop's Zacian;Kangaskhan Bouffalant;7,14;1 - 13 - 0;14
Hop's Zacian;Dragapult Charizard;0,0;0 - 7 - 1;8
Roaring Moon;Lopunny Dusknoir;77,78;14 - 4 - 0;18
Roaring Moon;Greninja;62,5;5 - 3 - 0;8
Roaring Moon;Tera Box;60,0;6 - 4 - 0;10
Roaring Moon;Mega Venusaur;60,0;6 - 4 - 0;10
Roaring Moon;Kangaskhan Bouffalant;56,52;13 - 10 - 0;23
Roaring Moon;N's Zoroark;55,56;10 - 8 - 0;18
Roaring Moon;Gardevoir Jellicent;54,29;19 - 16 - 0;35
Roaring Moon;Raging Bolt Ogerpon;52,38;11 - 10 - 1;22
Roaring Moon;Dragapult Dusknoir;50,0;30 - 30 - 1;61
Roaring Moon;Charizard Pidgeot;50,0;13 - 13 - 0;26
Roaring Moon;Ceruledge;50,0;5 - 5 - 1;11
Roaring Moon;Sharpedo Toxtricity;50,0;3 - 3 - 0;6
Roaring Moon;Lucario Hariyama;45,45;5 - 6 - 0;11
Roaring Moon;Alakazam Dudunsparce;42,86;12 - 16 - 1;29
Roaring Moon;Gardevoir;42,11;8 - 11 - 0;19
Roaring Moon;Charizard Noctowl;37,04;10 - 17 - 0;27
Roaring Moon;Gholdengo Lunatone;32,61;15 - 31 - 0;46
Roaring Moon;Mega Absol Box;29,63;8 - 19 - 0;27
Roaring Moon;Grimmsnarl Froslass;21,05;4 - 15 - 0;19
Roaring Moon;Dragapult Charizard;20,0;1 - 4 - 0;5
Slaking;Mega Venusaur;100,0;6 - 0 - 0;6
Slaking;Sharpedo Toxtricity;83,33;5 - 1 - 0;6
Slaking;Tera Box;75,0;6 - 2 - 0;8
Slaking;Mega Absol Box;70,0;14 - 6 - 1;21
Slaking;Greninja;66,67;6 - 3 - 0;9
Slaking;N's Zoroark;61,11;11 - 7 - 0;18
Slaking;Charizard Pidgeot;59,26;16 - 11 - 0;27
Slaking;Lopunny Dusknoir;57,14;8 - 6 - 0;14
Slaking;Dragapult Charizard;50,0;5 - 5 - 0;10
Slaking;Gardevoir Jellicent;47,06;16 - 18 - 0;34
Slaking;Dragapult Dusknoir;44,9;22 - 27 - 0;49
Slaking;Charizard Noctowl;42,42;14 - 19 - 0;33
Slaking;Gholdengo Lunatone;39,58;19 - 29 - 0;48
Slaking;Gardevoir;33,33;6 - 12 - 0;18
Slaking;Ceruledge;33,33;4 - 8 - 0;12
Slaking;Alakazam Dudunsparce;32,0;8 - 17 - 1;26
Slaking;Kangaskhan Bouffalant;31,82;7 - 15 - 1;23
Slaking;Grimmsnarl Froslass;21,43;3 - 11 - 0;14
Slaking;Lucario Hariyama;20,0;3 - 12 - 0;15
Slaking;Raging Bolt Ogerpon;12,5;1 - 7 - 0;8
Hydrapple Ogerpon;Sharpedo Toxtricity;76,92;10 - 3 - 0;13
Hydrapple Ogerpon;Dragapult Charizard;70,0;7 - 3 - 0;10
Hydrapple Ogerpon;N's Zoroark;65,0;13 - 7 - 0;20
Hydrapple Ogerpon;Greninja;60,0;6 - 4 - 1;11
Hydrapple Ogerpon;Mega Venusaur;57,14;8 - 6 - 0;14
Hydrapple Ogerpon;Mega Absol Box;54,55;12 - 10 - 1;23
Hydrapple Ogerpon;Charizard Pidgeot;52,38;11 - 10 - 2;23
Hydrapple Ogerpon;Grimmsnarl Froslass;50,0;9 - 9 - 0;18
Hydrapple Ogerpon;Lucario Hariyama;42,86;3 - 4 - 0;7
Hydrapple Ogerpon;Tera Box;41,67;5 - 7 - 0;12
Hydrapple Ogerpon;Ceruledge;41,67;5 - 7 - 0;12
Hydrapple Ogerpon;Dragapult Dusknoir;40,91;18 - 26 - 0;44
Hydrapple Ogerpon;Gholdengo Lunatone;38,78;19 - 30 - 1;50
Hydrapple Ogerpon;Gardevoir Jellicent;38,24;13 - 21 - 1;35
Hydrapple Ogerpon;Kangaskhan Bouffalant;37,5;9 - 15 - 0;24
Hydrapple Ogerpon;Charizard Noctowl;37,04;10 - 17 - 0;27
Hydrapple Ogerpon;Alakazam Dudunsparce;33,33;7 - 14 - 0;21
Hydrapple Ogerpon;Lopunny Dusknoir;31,58;6 - 13 - 0;19
Hydrapple Ogerpon;Raging Bolt Ogerpon;31,58;6 - 13 - 0;19
Hydrapple Ogerpon;Gardevoir;6,25;1 - 15 - 1;17
Kangaskhan Forretress;Alakazam Dudunsparce;60,0;15 - 10 - 0;25
Kangaskhan Forretress;Dragapult Dusknoir;59,42;41 - 28 - 2;71
Kangaskhan Forretress;Sharpedo Toxtricity;57,14;4 - 3 - 0;7
Kangaskhan Forretress;Mega Venusaur;57,14;4 - 3 - 0;7
Kangaskhan Forretress;Ceruledge;55,56;5 - 4 - 0;9
Kangaskhan Forretress;Lopunny Dusknoir;54,55;6 - 5 - 0;11
Kangaskhan Forretress;Tera Box;54,55;6 - 5 - 0;11
Kangaskhan Forretress;Gardevoir Jellicent;53,33;16 - 14 - 0;30
Kangaskhan Forretress;Charizard Pidgeot;50,0;7 - 7 - 2;16
Kangaskhan Forretress;Dragapult Charizard;50,0;4 - 4 - 0;8
Kangaskhan Forretress;Gholdengo Lunatone;45,1;23 - 28 - 0;51
Kangaskhan Forretress;Gardevoir;44,44;8 - 10 - 1;19
Kangaskhan Forretress;Greninja;42,86;3 - 4 - 0;7
Kangaskhan Forretress;Mega Absol Box;42,11;8 - 11 - 0;19
Kangaskhan Forretress;Grimmsnarl Froslass;40,0;8 - 12 - 0;20
Kangaskhan Forretress;Raging Bolt Ogerpon;38,89;7 - 11 - 0;18
Kangaskhan Forretress;N's Zoroark;36,36;4 - 7 - 0;11
Kangaskhan Forretress;Kangaskhan Bouffalant;33,33;4 - 8 - 0;12
Kangaskhan Forretress;Charizard Noctowl;30,0;12 - 28 - 0;40
Kangaskhan Forretress;Lucario Hariyama;25,0;3 - 9 - 0;12
Archaludon;Tera Box;100,0;4 - 0 - 0;4
Archaludon;Mega Venusaur;62,5;5 - 3 - 0;8
Archaludon;Gardevoir Jellicent;61,11;11 - 7 - 0;18
Archaludon;Greninja;60,0;6 - 4 - 0;10
Archaludon;Gardevoir;53,85;14 - 12 - 1;27
Archaludon;Dragapult Dusknoir;53,45;31 - 27 - 1;59
Archaludon;Mega Absol Box;51,61;16 - 15 - 1;32
Archaludon;Kangaskhan Bouffalant;43,75;7 - 9 - 2;18
Archaludon;Charizard Noctowl;40,0;8 - 12 - 2;22
Archaludon;Raging Bolt Ogerpon;38,89;7 - 11 - 1;19
Archaludon;N's Zoroark;38,46;5 - 8 - 1;14
Archaludon;Lucario Hariyama;37,5;3 - 5 - 0;8
Archaludon;Lopunny Dusknoir;30,77;4 - 9 - 0;13
Archaludon;Charizard Pidgeot;27,59;8 - 21 - 0;29
Archaludon;Alakazam Dudunsparce;27,27;6 - 16 - 0;22
Archaludon;Grimmsnarl Froslass;26,32;5 - 14 - 0;19
Archaludon;Gholdengo Lunatone;24,24;8 - 25 - 0;33
Archaludon;Ceruledge;20,0;2 - 8 - 1;11
Archaludon;Dragapult Charizard;18,18;2 - 9 - 0;11
Chien-Pao Baxcalibur;Dragapult Charizard;80,0;4 - 1 - 0;5
Chien-Pao Baxcalibur;Charizard Pidgeot;71,43;10 - 4 - 0;14
Chien-Pao Baxcalibur;Ceruledge;66,67;8 - 4 - 0;12
Chien-Pao Baxcalibur;Gardevoir;54,55;6 - 5 - 0;11
Chien-Pao Baxcalibur;Sharpedo Toxtricity;50,0;3 - 3 - 0;6
Chien-Pao Baxcalibur;Mega Absol Box;42,86;6 - 8 - 1;15
Chien-Pao Baxcalibur;Lucario Hariyama;42,86;3 - 4 - 1;8
Chien-Pao Baxcalibur;Dragapult Dusknoir;41,67;15 - 21 - 0;36
Chien-Pao Baxcalibur;Mega Venusaur;37,5;3 - 5 - 0;8
Chien-Pao Baxcalibur;Greninja;37,5;3 - 5 - 0;8
Chien-Pao Baxcalibur;Charizard Noctowl;36,36;8 - 14 - 0;22
Chien-Pao Baxcalibur;Raging Bolt Ogerpon;36,36;4 - 7 - 0;11
Chien-Pao Baxcalibur;Gholdengo Lunatone;36,11;13 - 23 - 1;37
Chien-Pao Baxcalibur;Grimmsnarl Froslass;35,0;7 - 13 - 2;22
Chien-Pao Baxcalibur;N's Zoroark;33,33;6 - 12 - 0;18
Chien-Pao Baxcalibur;Kangaskhan Bouffalant;33,33;3 - 6 - 1;10
Chien-Pao Baxcalibur;Gardevoir Jellicent;22,22;4 - 14 - 1;19
Chien-Pao Baxcalibur;Tera Box;20,0;2 - 8 - 0;10
Chien-Pao Baxcalibur;Alakazam Dudunsparce;12,5;3 - 21 - 0;24
Chien-Pao Baxcalibur;Lopunny Dusknoir;11,11;1 - 8 - 0;9
Iron Valiant;Greninja;100,0;7 - 0 - 0;7
Iron Valiant;Tera Box;100,0;6 - 0 - 0;6
Iron Valiant;Sharpedo Toxtricity;87,5;7 - 1 - 0;8
Iron Valiant;Lucario Hariyama;85,71;6 - 1 - 0;7
Iron Valiant;Alakazam Dudunsparce;60,0;12 - 8 - 0;20
Iron Valiant;Ceruledge;60,0;6 - 4 - 0;10
Iron Valiant;Charizard Pidgeot;54,55;12 - 10 - 0;22
Iron Valiant;Gardevoir;53,85;7 - 6 - 0;13
Iron Valiant;Dragapult Dusknoir;52,7;39 - 35 - 0;74
Iron Valiant;N's Zoroark;50,0;7 - 7 - 0;14
Iron Valiant;Gholdengo Lunatone;41,3;19 - 27 - 0;46
Iron Valiant;Kangaskhan Bouffalant;38,46;5 - 8 - 0;13
Iron Valiant;Charizard Noctowl;37,5;12 - 20 - 0;32
Iron Valiant;Raging Bolt Ogerpon;37,5;3 - 5 - 0;8
Iron Valiant;Mega Absol Box;35,29;6 - 11 - 0;17
Iron Valiant;Gardevoir Jellicent;33,33;5 - 10 - 0;15
Iron Valiant;Dragapult Charizard;33,33;3 - 6 - 0;9
Iron Valiant;Mega Venusaur;33,33;2 - 4 - 0;6
Iron Valiant;Lopunny Dusknoir;22,22;2 - 7 - 0;9
Iron Valiant;Grimmsnarl Froslass;21,43;3 - 11 - 1;15
Conkeldurr;Sharpedo Toxtricity;100,0;3 - 0 - 0;3
Conkeldurr;Kangaskhan Bouffalant;92,31;12 - 1 - 0;13
Conkeldurr;Ceruledge;80,0;8 - 2 - 0;10
Conkeldurr;Gholdengo Lunatone;68,57;24 - 11 - 1;36
Conkeldurr;Lucario Hariyama;66,67;2 - 1 - 0;3
Conkeldurr;Mega Venusaur;63,64;7 - 4 - 0;11
Conkeldurr;Grimmsnarl Froslass;56,0;14 - 11 - 2;27
Conkeldurr;Lopunny Dusknoir;53,85;7 - 6 - 0;13
Conkeldurr;Charizard Pidgeot;50,0;13 - 13 - 1;27
Conkeldurr;N's Zoroark;50,0;5 - 5 - 1;11
Conkeldurr;Mega Absol Box;43,33;13 - 17 - 0;30
Conkeldurr;Alakazam Dudunsparce;40,0;6 - 9 - 0;15
Conkeldurr;Dragapult Dusknoir;36,17;17 - 30 - 2;49
Conkeldurr;Gardevoir;31,82;7 - 15 - 1;23
Conkeldurr;Raging Bolt Ogerpon;30,77;4 - 9 - 0;13
Conkeldurr;Charizard Noctowl;30,0;6 - 14 - 0;20
Conkeldurr;Gardevoir Jellicent;27,78;5 - 13 - 0;18
Conkeldurr;Dragapult Charizard;22,22;2 - 7 - 0;9
Conkeldurr;Tera Box;14,29;1 - 6 - 0;7
Conkeldurr;Greninja;0,0;0 - 3 - 0;3
Mega Lopunny;Sharpedo Toxtricity;77,78;7 - 2 - 0;9
Mega Lopunny;Tera Box;63,64;7 - 4 - 0;11
Mega Lopunny;Lopunny Dusknoir;60,0;6 - 4 - 0;10
Mega Lopunny;Alakazam Dudunsparce;58,33;7 - 5 - 0;12
Mega Lopunny;N's Zoroark;55,56;5 - 4 - 0;9
Mega Lopunny;Ceruledge;53,85;7 - 6 - 0;13
Mega Lopunny;Raging Bolt Ogerpon;50,0;6 - 6 - 0;12
Mega Lopunny;Lucario Hariyama;50,0;3 - 3 - 0;6
Mega Lopunny;Dragapult Charizard;50,0;3 - 3 - 0;6
Mega Lopunny;Charizard Pidgeot;47,62;10 - 11 - 2;23
Mega Lopunny;Dragapult Dusknoir;45,65;21 - 25 - 0;46
Mega Lopunny;Charizard Noctowl;45,45;10 - 12 - 0;22
Mega Lopunny;Gardevoir;44,44;4 - 5 - 0;9
Mega Lopunny;Grimmsnarl Froslass;43,75;7 - 9 - 0;16
Mega Lopunny;Gholdengo Lunatone;38,1;16 - 26 - 1;43
Mega Lopunny;Kangaskhan Bouffalant;35,71;5 - 9 - 0;14
Mega Lopunny;Gardevoir Jellicent;30,0;6 - 14 - 1;21
Mega Lopunny;Mega Absol Box;27,78;5 - 13 - 0;18
Mega Lopunny;Greninja;20,0;1 - 4 - 0;5
Manectric Eelektrik;Lopunny Dusknoir;75,0;6 - 2 - 0;8
Manectric Eelektrik;Sharpedo Toxtricity;62,5;5 - 3 - 0;8
Manectric Eelektrik;Lucario Hariyama;60,0;3 - 2 - 0;5
Manectric Eelektrik;Mega Venusaur;57,14;4 - 3 - 0;7
Manectric Eelektrik;Tera Box;57,14;4 - 3 - 0;7
Manectric Eelektrik;Ceruledge;55,56;5 - 4 - 1;10
Manectric Eelektrik;Grimmsnarl Froslass;55,0;11 - 9 - 0;20
Manectric Eelektrik;N's Zoroark;50,0;7 - 7 - 0;14
Manectric Eelektrik;Dragapult Dusknoir;47,22;17 - 19 - 0;36
Manectric Eelektrik;Raging Bolt Ogerpon;40,0;6 - 9 - 1;16
Manectric Eelektrik;Dragapult Charizard;40,0;2 - 3 - 0;5
Manectric Eelektrik;Charizard Noctowl;39,13;9 - 14 - 0;23
Manectric Eelektrik;Mega Absol Box;38,1;8 - 13 - 1;22
Manectric Eelektrik;Gardevoir;36,36;4 - 7 - 1;12
Manectric Eelektrik;Gholdengo Lunatone;27,5;11 - 29 - 0;40
Manectric Eelektrik;Alakazam Dudunsparce;20,0;2 - 8 - 0;10
Manectric Eelektrik;Kangaskhan Bouffalant;20,0;2 - 8 - 0;10
Manectric Eelektrik;Gardevoir Jellicent;19,05;4 - 17 - 0;21
Manectric Eelektrik;Charizard Pidgeot;0,0;0 - 8 - 1;9
Manectric Eelektrik;Greninja;0,0;0 - 5 - 0;5
Wugtrio Mill;Dragapult Charizard;80,0;4 - 1 - 1;6
Wugtrio Mill;Greninja;66,67;4 - 2 - 0;6
Wugtrio Mill;Sharpedo Toxtricity;66,67;2 - 1 - 0;3
Wugtrio Mill;Mega Venusaur;66,67;2 - 1 - 0;3
Wugtrio Mill;Charizard Pidgeot;64,29;9 - 5 - 1;15
Wugtrio Mill;N's Zoroark;64,29;9 - 5 - 0;14
Wugtrio Mill;Alakazam Dudunsparce;61,11;11 - 7 - 0;18
Wugtrio Mill;Lucario Hariyama;60,0;3 - 2 - 0;5
Wugtrio Mill;Raging Bolt Ogerpon;45,45;5 - 6 - 0;11
Wugtrio Mill;Gholdengo Lunatone;39,58;19 - 29 - 0;48
Wugtrio Mill;Kangaskhan Bouffalant;36,36;4 - 7 - 0;11
Wugtrio Mill;Charizard Noctowl;29,41;5 - 12 - 0;17
Wugtrio Mill;Dragapult Dusknoir;28,89;13 - 32 - 0;45
Wugtrio Mill;Mega Absol Box;26,67;4 - 11 - 0;15
Wugtrio Mill;Gardevoir Jellicent;26,32;5 - 14 - 2;21
Wugtrio Mill;Tera Box;25,0;2 - 6 - 0;8
Wugtrio Mill;Gardevoir;17,65;3 - 14 - 0;17
Wugtrio Mill;Lopunny Dusknoir;16,67;1 - 5 - 0;6
Wugtrio Mill;Grimmsnarl Froslass;9,09;1 - 10 - 0;11
Charizard;Mega Absol Box;75,0;6 - 2 - 2;10
Charizard;Mega Venusaur;62,5;5 - 3 - 0;8
Charizard;Ceruledge;55,56;5 - 4 - 0;9
Charizard;Kangaskhan Bouffalant;53,33;8 - 7 - 0;15
Charizard;Gardevoir;45,45;5 - 6 - 0;11
Charizard;Lopunny Dusknoir;42,86;3 - 4 - 0;7
Charizard;Alakazam Dudunsparce;42,11;8 - 11 - 0;19
Charizard;N's Zoroark;40,0;6 - 9 - 0;15
Charizard;Charizard Pidgeot;37,5;6 - 10 - 0;16
Charizard;Gardevoir Jellicent;33,33;5 - 10 - 0;15
Charizard;Sharpedo Toxtricity;33,33;3 - 6 - 0;9
Charizard;Raging Bolt Ogerpon;33,33;2 - 4 - 0;6
Charizard;Dragapult Dusknoir;32,5;13 - 27 - 1;41
Charizard;Charizard Noctowl;31,82;7 - 15 - 4;26
Charizard;Grimmsnarl Froslass;31,25;5 - 11 - 0;16
Charizard;Tera Box;28,57;2 - 5 - 1;8
Charizard;Greninja;28,57;2 - 5 - 0;7
Charizard;Gholdengo Lunatone;23,26;10 - 33 - 1;44
Charizard;Dragapult Charizard;12,5;1 - 7 - 0;8
Terapagos Noctowl;Mega Venusaur;83,33;5 - 1 - 0;6
Terapagos Noctowl;Mega Absol Box;62,5;5 - 3 - 0;8
Terapagos Noctowl;Tera Box;57,14;4 - 3 - 0;7
Terapagos Noctowl;Alakazam Dudunsparce;53,33;8 - 7 - 0;15
Terapagos Noctowl;Grimmsnarl Froslass;53,33;8 - 7 - 0;15
Terapagos Noctowl;Charizard Noctowl;52,0;13 - 12 - 0;25
Terapagos Noctowl;Charizard Pidgeot;50,0;10 - 10 - 0;20
Terapagos Noctowl;Gardevoir;50,0;5 - 5 - 0;10
Terapagos Noctowl;Dragapult Charizard;50,0;4 - 4 - 0;8
Terapagos Noctowl;Kangaskhan Bouffalant;47,06;8 - 9 - 1;18
Terapagos Noctowl;Raging Bolt Ogerpon;45,45;5 - 6 - 0;11
Terapagos Noctowl;Lopunny Dusknoir;43,75;7 - 9 - 0;16
Terapagos Noctowl;N's Zoroark;38,46;5 - 8 - 0;13
Terapagos Noctowl;Dragapult Dusknoir;34,62;18 - 34 - 0;52
Terapagos Noctowl;Gardevoir Jellicent;33,33;7 - 14 - 0;21
Terapagos Noctowl;Sharpedo Toxtricity;33,33;2 - 4 - 0;6
Terapagos Noctowl;Lucario Hariyama;25,0;1 - 3 - 0;4
Terapagos Noctowl;Gholdengo Lunatone;21,43;6 - 22 - 0;28
Terapagos Noctowl;Ceruledge;20,0;1 - 4 - 0;5
Raging Bolt;N's Zoroark;88,89;8 - 1 - 0;9
Raging Bolt;Grimmsnarl Froslass;68,75;11 - 5 - 0;16
Raging Bolt;Greninja;60,0;3 - 2 - 0;5
Raging Bolt;Charizard Pidgeot;58,33;7 - 5 - 0;12
Raging Bolt;Kangaskhan Bouffalant;50,0;5 - 5 - 0;10
Raging Bolt;Gardevoir;50,0;4 - 4 - 0;8
Raging Bolt;Ceruledge;50,0;4 - 4 - 0;8
Raging Bolt;Raging Bolt Ogerpon;42,86;3 - 4 - 0;7
Raging Bolt;Gholdengo Lunatone;41,67;10 - 14 - 0;24
Raging Bolt;Mega Absol Box;41,67;5 - 7 - 0;12
Raging Bolt;Dragapult Dusknoir;41,03;16 - 23 - 0;39
Raging Bolt;Mega Venusaur;40,0;2 - 3 - 0;5
Raging Bolt;Gardevoir Jellicent;33,33;4 - 8 - 0;12
Raging Bolt;Sharpedo Toxtricity;33,33;1 - 2 - 0;3
Raging Bolt;Dragapult Charizard;33,33;1 - 2 - 0;3
Raging Bolt;Alakazam Dudunsparce;20,0;2 - 8 - 0;10
Raging Bolt;Charizard Noctowl;15,79;3 - 16 - 0;19
Raging Bolt;Tera Box;14,29;1 - 6 - 0;7
Raging Bolt;Lopunny Dusknoir;11,11;1 - 8 - 0;9
Raging Bolt;Lucario Hariyama;11,11;1 - 8 - 0;9
Iron Thorns Crustle;Charizard Noctowl;82,35;14 - 3 - 0;17
Iron Thorns Crustle;Greninja;80,0;4 - 1 - 0;5
Iron Thorns Crustle;Ceruledge;75,0;6 - 2 - 0;8
Iron Thorns Crustle;Kangaskhan Bouffalant;63,64;7 - 4 - 0;11
Iron Thorns Crustle;Sharpedo Toxtricity;60,0;3 - 2 - 0;5
Iron Thorns Crustle;Charizard Pidgeot;55,56;5 - 4 - 0;9
Iron Thorns Crustle;Dragapult Charizard;55,56;5 - 4 - 0;9
Iron Thorns Crustle;Gholdengo Lunatone;54,55;12 - 10 - 1;23
Iron Thorns Crustle;Raging Bolt Ogerpon;50,0;3 - 3 - 0;6
Iron Thorns Crustle;Gardevoir;50,0;3 - 3 - 0;6
Iron Thorns Crustle;N's Zoroark;45,45;5 - 6 - 0;11
Iron Thorns Crustle;Grimmsnarl Froslass;42,86;6 - 8 - 0;14
Iron Thorns Crustle;Gardevoir Jellicent;40,0;4 - 6 - 0;10
Iron Thorns Crustle;Lopunny Dusknoir;40,0;2 - 3 - 0;5
Iron Thorns Crustle;Lucario Hariyama;40,0;2 - 3 - 0;5
Iron Thorns Crustle;Mega Absol Box;35,29;6 - 11 - 1;18
Iron Thorns Crustle;Dragapult Dusknoir;30,77;12 - 27 - 1;40
Iron Thorns Crustle;Tera Box;16,67;1 - 5 - 0;6
Iron Thorns Crustle;Alakazam Dudunsparce;0,0;0 - 9 - 0;9
Mega Abomasnow;Greninja;80,0;4 - 1 - 0;5
Mega Abomasnow;N's Zoroark;66,67;10 - 5 - 0;15
Mega Abomasnow;Ceruledge;62,5;5 - 3 - 1;9
Mega Abomasnow;Tera Box;60,0;3 - 2 - 0;5
Mega Abomasnow;Kangaskhan Bouffalant;55,56;5 - 4 - 0;9
Mega Abomasnow;Charizard Noctowl;50,0;7 - 7 - 0;14
Mega Abomasnow;Mega Absol Box;44,44;8 - 10 - 0;18
Mega Abomasnow;Raging Bolt Ogerpon;42,86;3 - 4 - 0;7
Mega Abomasnow;Grimmsnarl Froslass;38,46;5 - 8 - 0;13
Mega Abomasnow;Dragapult Dusknoir;35,56;16 - 29 - 0;45
Mega Abomasnow;Gardevoir;33,33;3 - 6 - 1;10
Mega Abomasnow;Lucario Hariyama;33,33;2 - 4 - 0;6
Mega Abomasnow;Charizard Pidgeot;30,77;4 - 9 - 0;13
Mega Abomasnow;Alakazam Dudunsparce;26,67;4 - 11 - 0;15
Mega Abomasnow;Gardevoir Jellicent;16,67;2 - 10 - 0;12
Mega Abomasnow;Gholdengo Lunatone;15,15;5 - 28 - 0;33
Mega Abomasnow;Lopunny Dusknoir;14,29;1 - 6 - 1;8
Mega Abomasnow;Dragapult Charizard;0,0;0 - 4 - 0;4
Feraligatr;Mega Venusaur;100,0;4 - 0 - 0;4
Feraligatr;Tera Box;75,0;3 - 1 - 0;4
Feraligatr;Charizard Pidgeot;53,85;7 - 6 - 0;13
Feraligatr;Sharpedo Toxtricity;50,0;3 - 3 - 0;6
Feraligatr;Gardevoir Jellicent;47,37;9 - 10 - 2;21
Feraligatr;Dragapult Charizard;42,86;3 - 4 - 0;7
Feraligatr;Lopunny Dusknoir;42,86;3 - 4 - 0;7
Feraligatr;Dragapult Dusknoir;40,0;14 - 21 - 1;36
Feraligatr;Ceruledge;38,46;5 - 8 - 0;13
Feraligatr;Kangaskhan Bouffalant;37,5;3 - 5 - 1;9
Feraligatr;Raging Bolt Ogerpon;37,5;3 - 5 - 0;8
Feraligatr;Charizard Noctowl;33,33;3 - 6 - 3;12
Feraligatr;Gholdengo Lunatone;31,58;6 - 13 - 0;19
Feraligatr;N's Zoroark;26,67;4 - 11 - 0;15
Feraligatr;Alakazam Dudunsparce;23,08;3 - 10 - 0;13
Feraligatr;Grimmsnarl Froslass;14,29;1 - 6 - 0;7
Feraligatr;Mega Absol Box;14,29;1 - 6 - 0;7
Feraligatr;Gardevoir;9,09;1 - 10 - 0;11
Feraligatr;Greninja;0,0;0 - 6 - 0;6
Zoroark Crustle;Ceruledge;100,0;7 - 0 - 0;7
Zoroark Crustle;N's Zoroark;84,62;11 - 2 - 1;14
Zoroark Crustle;Lopunny Dusknoir;71,43;10 - 4 - 0;14
Zoroark Crustle;Sharpedo Toxtricity;66,67;4 - 2 - 0;6
Zoroark Crustle;Charizard Pidgeot;60,87;14 - 9 - 1;24
Zoroark Crustle;Dragapult Charizard;60,0;3 - 2 - 1;6
Zoroark Crustle;Grimmsnarl Froslass;57,14;12 - 9 - 0;21
Zoroark Crustle;Kangaskhan Bouffalant;50,0;3 - 3 - 4;10
Zoroark Crustle;Dragapult Dusknoir;46,88;15 - 17 - 1;33
Zoroark Crustle;Gholdengo Lunatone;46,15;12 - 14 - 0;26
Zoroark Crustle;Charizard Noctowl;44,44;4 - 5 - 0;9
Zoroark Crustle;Mega Absol Box;42,11;8 - 11 - 2;21
Zoroark Crustle;Gardevoir Jellicent;41,18;7 - 10 - 0;17
Zoroark Crustle;Greninja;40,0;2 - 3 - 0;5
Zoroark Crustle;Alakazam Dudunsparce;38,46;5 - 8 - 2;15
Zoroark Crustle;Gardevoir;37,5;3 - 5 - 0;8
Zoroark Crustle;Tera Box;25,0;2 - 6 - 0;8
Zoroark Crustle;Lucario Hariyama;0,0;0 - 4 - 1;5
Zoroark Crustle;Mega Venusaur;0,0;0 - 3 - 0;3
Zoroark Crustle;Raging Bolt Ogerpon;0,0;0 - 3 - 0;3
Mega Kangaskhan;Mega Absol Box;71,43;5 - 2 - 0;7
Mega Kangaskhan;Grimmsnarl Froslass;66,67;6 - 3 - 0;9
Mega Kangaskhan;Tera Box;60,0;3 - 2 - 0;5
Mega Kangaskhan;N's Zoroark;50,0;7 - 7 - 0;14
Mega Kangaskhan;Gardevoir Jellicent;50,0;6 - 6 - 1;13
Mega Kangaskhan;Dragapult Charizard;44,44;4 - 5 - 1;10
Mega Kangaskhan;Dragapult Dusknoir;37,93;11 - 18 - 2;31
Mega Kangaskhan;Raging Bolt Ogerpon;37,5;3 - 5 - 0;8
Mega Kangaskhan;Gardevoir;33,33;3 - 6 - 0;9
Mega Kangaskhan;Kangaskhan Bouffalant;33,33;2 - 4 - 0;6
Mega Kangaskhan;Mega Venusaur;33,33;1 - 2 - 0;3
Mega Kangaskhan;Charizard Pidgeot;30,0;3 - 7 - 1;11
Mega Kangaskhan;Gholdengo Lunatone;29,41;5 - 12 - 1;18
Mega Kangaskhan;Alakazam Dudunsparce;27,27;3 - 8 - 0;11
Mega Kangaskhan;Greninja;20,0;1 - 4 - 0;5
Mega Kangaskhan;Charizard Noctowl;9,09;1 - 10 - 0;11
Mega Kangaskhan;Lopunny Dusknoir;0,0;0 - 4 - 0;4
Mega Kangaskhan;Lucario Hariyama;0,0;0 - 3 - 0;3
Tyranitar;N's Zoroark;60,0;6 - 4 - 0;10
Tyranitar;Alakazam Dudunsparce;54,55;6 - 5 - 0;11
Tyranitar;Gardevoir Jellicent;50,0;5 - 5 - 1;11
Tyranitar;Charizard Pidgeot;50,0;5 - 5 - 0;10
Tyranitar;Raging Bolt Ogerpon;37,5;3 - 5 - 0;8
Tyranitar;Gholdengo Lunatone;36,0;9 - 16 - 0;25
Tyranitar;Dragapult Dusknoir;33,33;7 - 14 - 1;22
Tyranitar;Mega Absol Box;33,33;2 - 4 - 0;6
Tyranitar;Lucario Hariyama;33,33;1 - 2 - 0;3
Tyranitar;Charizard Noctowl;31,25;5 - 11 - 0;16
Tyranitar;Gardevoir;28,57;2 - 5 - 0;7
Tyranitar;Tera Box;28,57;2 - 5 - 0;7
Tyranitar;Ceruledge;25,0;1 - 3 - 0;4
Tyranitar;Sharpedo Toxtricity;20,0;1 - 4 - 1;6
Tyranitar;Grimmsnarl Froslass;20,0;1 - 4 - 0;5
Tyranitar;Dragapult Charizard;0,0;0 - 3 - 0;3
Great Tusk Mill;Ceruledge;75,0;3 - 1 - 0;4
Great Tusk Mill;Grimmsnarl Froslass;75,0;3 - 1 - 0;4
Great Tusk Mill;Gholdengo Lunatone;65,0;13 - 7 - 0;20
Great Tusk Mill;Gardevoir Jellicent;60,0;3 - 2 - 0;5
Great Tusk Mill;Alakazam Dudunsparce;54,55;6 - 5 - 0;11
Great Tusk Mill;N's Zoroark;50,0;4 - 4 - 0;8
Great Tusk Mill;Mega Venusaur;50,0;2 - 2 - 0;4
Great Tusk Mill;Dragapult Dusknoir;42,86;6 - 8 - 0;14
Great Tusk Mill;Lopunny Dusknoir;42,86;3 - 4 - 0;7
Great Tusk Mill;Lucario Hariyama;42,86;3 - 4 - 0;7
Great Tusk Mill;Charizard Noctowl;41,67;5 - 7 - 0;12
Great Tusk Mill;Dragapult Charizard;40,0;2 - 3 - 0;5
Great Tusk Mill;Greninja;33,33;1 - 2 - 0;3
Great Tusk Mill;Gardevoir;30,0;3 - 7 - 0;10
Great Tusk Mill;Sharpedo Toxtricity;28,57;2 - 5 - 0;7
Great Tusk Mill;Charizard Pidgeot;14,29;1 - 6 - 0;7
Great Tusk Mill;Mega Absol Box;0,0;0 - 6 - 1;7
Rocket's Spidops;Sharpedo Toxtricity;75,0;3 - 1 - 0;4
Rocket's Spidops;N's Zoroark;62,5;5 - 3 - 0;8
Rocket's Spidops;Grimmsnarl Froslass;60,0;9 - 6 - 0;15
Rocket's Spidops;Dragapult Charizard;60,0;3 - 2 - 0;5
Rocket's Spidops;Gholdengo Lunatone;50,0;10 - 10 - 1;21
Rocket's Spidops;Dragapult Dusknoir;45,45;15 - 18 - 1;34
Rocket's Spidops;Ceruledge;42,86;3 - 4 - 0;7
Rocket's Spidops;Raging Bolt Ogerpon;40,0;2 - 3 - 0;5
Rocket's Spidops;Gardevoir Jellicent;36,36;4 - 7 - 0;11
Rocket's Spidops;Lucario Hariyama;33,33;3 - 6 - 2;11
Rocket's Spidops;Charizard Pidgeot;33,33;2 - 4 - 1;7
Rocket's Spidops;Greninja;33,33;1 - 2 - 0;3
Rocket's Spidops;Charizard Noctowl;30,77;4 - 9 - 1;14
Rocket's Spidops;Alakazam Dudunsparce;30,77;4 - 9 - 1;14
Rocket's Spidops;Gardevoir;30,0;3 - 7 - 0;10
Rocket's Spidops;Lopunny Dusknoir;28,57;2 - 5 - 0;7
Rocket's Spidops;Kangaskhan Bouffalant;18,18;2 - 9 - 0;11
Rocket's Spidops;Tera Box;16,67;1 - 5 - 0;6
Rocket's Spidops;Mega Absol Box;16,67;1 - 5 - 0;6
Yanmega;N's Zoroark;75,0;9 - 3 - 0;12
Yanmega;Lopunny Dusknoir;66,67;2 - 1 - 0;3
Yanmega;Charizard Pidgeot;64,29;9 - 5 - 2;16
Yanmega;Charizard Noctowl;63,64;7 - 4 - 0;11
Yanmega;Mega Venusaur;60,0;3 - 2 - 0;5
Yanmega;Greninja;57,14;4 - 3 - 0;7
Yanmega;Mega Absol Box;53,33;8 - 7 - 0;15
Yanmega;Kangaskhan Bouffalant;50,0;3 - 3 - 1;7
Yanmega;Sharpedo Toxtricity;50,0;2 - 2 - 0;4
Yanmega;Tera Box;50,0;1 - 1 - 1;3
Yanmega;Gardevoir Jellicent;45,45;5 - 6 - 0;11
Yanmega;Raging Bolt Ogerpon;40,0;2 - 3 - 0;5
Yanmega;Grimmsnarl Froslass;40,0;2 - 3 - 0;5
Yanmega;Dragapult Dusknoir;38,89;7 - 11 - 1;19
Yanmega;Lucario Hariyama;33,33;1 - 2 - 0;3
Yanmega;Alakazam Dudunsparce;30,0;3 - 7 - 0;10
Yanmega;Gholdengo Lunatone;24,0;6 - 19 - 1;26
Yanmega;Gardevoir;16,67;1 - 5 - 0;6
Dragapult Blaziken;Mega Venusaur;100,0;3 - 0 - 0;3
Dragapult Blaziken;Alakazam Dudunsparce;83,33;10 - 2 - 0;12
Dragapult Blaziken;Tera Box;60,0;3 - 2 - 0;5
Dragapult Blaziken;Charizard Pidgeot;54,55;6 - 5 - 0;11
Dragapult Blaziken;Dragapult Dusknoir;51,72;15 - 14 - 1;30
Dragapult Blaziken;Charizard Noctowl;50,0;7 - 7 - 0;14
Dragapult Blaziken;Kangaskhan Bouffalant;50,0;3 - 3 - 0;6
Dragapult Blaziken;Dragapult Charizard;50,0;2 - 2 - 0;4
Dragapult Blaziken;Grimmsnarl Froslass;46,15;6 - 7 - 0;13
Dragapult Blaziken;Mega Absol Box;42,86;3 - 4 - 0;7
Dragapult Blaziken;Gardevoir;40,0;2 - 3 - 0;5
Dragapult Blaziken;Lopunny Dusknoir;33,33;2 - 4 - 0;6
Dragapult Blaziken;Gholdengo Lunatone;30,77;8 - 18 - 1;27
Dragapult Blaziken;N's Zoroark;25,0;1 - 3 - 1;5
Dragapult Blaziken;Gardevoir Jellicent;18,18;2 - 9 - 0;11
Dragapult Blaziken;Raging Bolt Ogerpon;11,11;1 - 8 - 0;9
Paldean Tauros;Lopunny Dusknoir;100,0;7 - 0 - 0;7
Paldean Tauros;Kangaskhan Bouffalant;85,71;6 - 1 - 0;7
Paldean Tauros;Charizard Pidgeot;71,43;5 - 2 - 0;7
Paldean Tauros;Lucario Hariyama;66,67;6 - 3 - 0;9
Paldean Tauros;Ceruledge;60,0;3 - 2 - 0;5
Paldean Tauros;Mega Venusaur;60,0;3 - 2 - 0;5
Paldean Tauros;N's Zoroark;57,14;8 - 6 - 0;14
Paldean Tauros;Sharpedo Toxtricity;57,14;4 - 3 - 0;7
Paldean Tauros;Alakazam Dudunsparce;54,55;6 - 5 - 0;11
Paldean Tauros;Gholdengo Lunatone;50,0;11 - 11 - 0;22
Paldean Tauros;Raging Bolt Ogerpon;50,0;3 - 3 - 1;7
Paldean Tauros;Tera Box;50,0;2 - 2 - 0;4
Paldean Tauros;Grimmsnarl Froslass;40,0;4 - 6 - 0;10
Paldean Tauros;Dragapult Dusknoir;31,58;6 - 13 - 0;19
Paldean Tauros;Gardevoir Jellicent;18,18;2 - 9 - 0;11
Paldean Tauros;Mega Absol Box;14,29;1 - 6 - 0;7
Paldean Tauros;Gardevoir;0,0;0 - 10 - 0;10
Paldean Tauros;Dragapult Charizard;0,0;0 - 4 - 0;4
Paldean Tauros;Charizard Noctowl;0,0;0 - 4 - 0;4
Palafin;Gardevoir;75,0;3 - 1 - 0;4
Palafin;Sharpedo Toxtricity;66,67;2 - 1 - 0;3
Palafin;Gholdengo Lunatone;62,5;10 - 6 - 0;16
Palafin;Ceruledge;55,56;5 - 4 - 0;9
Palafin;Mega Absol Box;50,0;6 - 6 - 0;12
Palafin;Greninja;50,0;2 - 2 - 0;4
Palafin;N's Zoroark;40,0;4 - 6 - 0;10
Palafin;Charizard Pidgeot;40,0;2 - 3 - 0;5
Palafin;Raging Bolt Ogerpon;37,5;3 - 5 - 0;8
Palafin;Dragapult Dusknoir;36,84;7 - 12 - 0;19
Palafin;Charizard Noctowl;33,33;4 - 8 - 0;12
Palafin;Tera Box;33,33;2 - 4 - 1;7
Palafin;Kangaskhan Bouffalant;28,57;2 - 5 - 1;8
Palafin;Grimmsnarl Froslass;28,57;2 - 5 - 0;7
Palafin;Lopunny Dusknoir;25,0;1 - 3 - 0;4
Palafin;Dragapult Charizard;16,67;1 - 5 - 0;6
Palafin;Gardevoir Jellicent;16,67;1 - 5 - 0;6
Palafin;Alakazam Dudunsparce;14,29;1 - 6 - 1;8
Iono's Bellibolt;Sharpedo Toxtricity;66,67;2 - 1 - 0;3
Iono's Bellibolt;Mega Venusaur;62,5;5 - 3 - 0;8
Iono's Bellibolt;Kangaskhan Bouffalant;60,0;3 - 2 - 0;5
Iono's Bellibolt;Dragapult Dusknoir;57,14;12 - 9 - 0;21
Iono's Bellibolt;Alakazam Dudunsparce;55,56;5 - 4 - 0;9
Iono's Bellibolt;N's Zoroark;50,0;6 - 6 - 0;12
Iono's Bellibolt;Grimmsnarl Froslass;50,0;6 - 6 - 0;12
Iono's Bellibolt;Gardevoir Jellicent;50,0;3 - 3 - 0;6
Iono's Bellibolt;Mega Absol Box;44,44;4 - 5 - 1;10
Iono's Bellibolt;Gholdengo Lunatone;43,75;7 - 9 - 0;16
Iono's Bellibolt;Dragapult Charizard;33,33;2 - 4 - 0;6
Iono's Bellibolt;Charizard Pidgeot;33,33;1 - 2 - 0;3
Iono's Bellibolt;Gardevoir;33,33;1 - 2 - 0;3
Iono's Bellibolt;Charizard Noctowl;22,22;2 - 7 - 0;9
Iono's Bellibolt;Lopunny Dusknoir;20,0;1 - 4 - 0;5
Iono's Bellibolt;Tera Box;0,0;0 - 4 - 1;5
Iono's Bellibolt;Raging Bolt Ogerpon;0,0;0 - 4 - 0;4
Iono's Bellibolt;Ceruledge;0,0;0 - 3 - 0;3
Alakazam;Tera Box;100,0;3 - 0 - 1;4
Alakazam;Mega Absol Box;71,43;5 - 2 - 0;7
Alakazam;Ceruledge;66,67;4 - 2 - 0;6
Alakazam;Alakazam Dudunsparce;57,14;8 - 6 - 0;14
Alakazam;Gholdengo Lunatone;56,25;9 - 7 - 0;16
Alakazam;Gardevoir;50,0;3 - 3 - 0;6
Alakazam;Lopunny Dusknoir;50,0;2 - 2 - 0;4
Alakazam;Charizard Noctowl;44,44;4 - 5 - 0;9
Alakazam;Kangaskhan Bouffalant;42,86;3 - 4 - 0;7
Alakazam;Gardevoir Jellicent;37,5;6 - 10 - 0;16
Alakazam;N's Zoroark;33,33;1 - 2 - 0;3
Alakazam;Raging Bolt Ogerpon;25,0;1 - 3 - 0;4
Alakazam;Charizard Pidgeot;22,22;2 - 7 - 1;10
Alakazam;Dragapult Dusknoir;16,67;4 - 20 - 0;24
Alakazam;Grimmsnarl Froslass;0,0;0 - 6 - 0;6
Alakazam;Dragapult Charizard;0,0;0 - 3 - 0;3
Mega Latias;Ceruledge;75,0;6 - 2 - 0;8
Mega Latias;Gardevoir;66,67;2 - 1 - 0;3
Mega Latias;Greninja;66,67;2 - 1 - 0;3
Mega Latias;Mega Absol Box;55,56;5 - 4 - 1;10
Mega Latias;Charizard Pidgeot;50,0;4 - 4 - 0;8
Mega Latias;Gholdengo Lunatone;33,33;5 - 10 - 0;15
Mega Latias;Dragapult Charizard;33,33;3 - 6 - 0;9
Mega Latias;Tera Box;33,33;1 - 2 - 0;3
Mega Latias;Raging Bolt Ogerpon;33,33;1 - 2 - 0;3
Mega Latias;Charizard Noctowl;30,0;3 - 7 - 0;10
Mega Latias;Dragapult Dusknoir;28,57;6 - 15 - 0;21
Mega Latias;Alakazam Dudunsparce;28,57;2 - 5 - 0;7
Mega Latias;N's Zoroark;27,27;3 - 8 - 0;11
Mega Latias;Kangaskhan Bouffalant;25,0;1 - 3 - 0;4
Mega Latias;Gardevoir Jellicent;18,18;2 - 9 - 0;11
Mega Latias;Grimmsnarl Froslass;0,0;0 - 4 - 0;4
Ancient Box;Ceruledge;75,0;3 - 1 - 1;5
Ancient Box;Lucario Hariyama;75,0;3 - 1 - 0;4
Ancient Box;Gardevoir Jellicent;75,0;3 - 1 - 0;4
Ancient Box;Alakazam Dudunsparce;72,73;8 - 3 - 0;11
Ancient Box;Lopunny Dusknoir;66,67;2 - 1 - 0;3
Ancient Box;Tera Box;66,67;2 - 1 - 0;3
Ancient Box;Raging Bolt Ogerpon;40,0;2 - 3 - 1;6
Ancient Box;Kangaskhan Bouffalant;37,5;3 - 5 - 0;8
Ancient Box;Gholdengo Lunatone;35,71;5 - 9 - 0;14
Ancient Box;Mega Absol Box;33,33;1 - 2 - 0;3
Ancient Box;N's Zoroark;33,33;1 - 2 - 0;3
Ancient Box;Dragapult Dusknoir;22,22;2 - 7 - 0;9
Ancient Box;Charizard Pidgeot;16,67;1 - 5 - 0;6
Ancient Box;Greninja;0,0;0 - 4 - 0;4
Okidogi;Grimmsnarl Froslass;100,0;5 - 0 - 0;5
Okidogi;Dragapult Dusknoir;66,67;6 - 3 - 0;9
Okidogi;Gholdengo Lunatone;50,0;4 - 4 - 0;8
Okidogi;Kangaskhan Bouffalant;50,0;2 - 2 - 0;4
Okidogi;Charizard Noctowl;50,0;2 - 2 - 0;4
Okidogi;Mega Absol Box;37,5;3 - 5 - 0;8
Okidogi;Mega Venusaur;33,33;1 - 2 - 0;3
Okidogi;Raging Bolt Ogerpon;33,33;1 - 2 - 0;3
Okidogi;Alakazam Dudunsparce;25,0;1 - 3 - 0;4
Okidogi;Lopunny Dusknoir;20,0;1 - 4 - 0;5
Okidogi;Charizard Pidgeot;0,0;0 - 4 - 0;4
Okidogi;Dragapult Charizard;0,0;0 - 3 - 0;3
Okidogi;Gardevoir Jellicent;0,0;0 - 3 - 0;3
Hydrapple;N's Zoroark;77,78;7 - 2 - 0;9
Hydrapple;Lopunny Dusknoir;66,67;6 - 3 - 0;9
Hydrapple;Raging Bolt Ogerpon;66,67;2 - 1 - 0;3
Hydrapple;Mega Absol Box;58,33;7 - 5 - 0;12
Hydrapple;Gardevoir Jellicent;53,33;8 - 7 - 0;15
Hydrapple;Alakazam Dudunsparce;50,0;1 - 1 - 1;3
Hydrapple;Gholdengo Lunatone;47,06;8 - 9 - 0;17
Hydrapple;Tera Box;37,5;3 - 5 - 0;8
Hydrapple;Charizard Noctowl;37,5;3 - 5 - 0;8
Hydrapple;Dragapult Charizard;33,33;2 - 4 - 0;6
Hydrapple;Mega Venusaur;33,33;1 - 2 - 0;3
Hydrapple;Charizard Pidgeot;25,0;1 - 3 - 0;4
Hydrapple;Dragapult Dusknoir;21,43;3 - 11 - 0;14
Hydrapple;Ceruledge;16,67;1 - 5 - 1;7
Hydrapple;Grimmsnarl Froslass;14,29;1 - 6 - 0;7
Hydrapple;Gardevoir;0,0;0 - 4 - 0;4
Hydrapple;Kangaskhan Bouffalant;0,0;0 - 3 - 0;3
Tsareena;Sharpedo Toxtricity;66,67;2 - 1 - 0;3
Tsareena;Kangaskhan Bouffalant;62,5;5 - 3 - 0;8
Tsareena;Lopunny Dusknoir;50,0;3 - 3 - 0;6
Tsareena;Alakazam Dudunsparce;42,86;3 - 4 - 0;7
Tsareena;Charizard Pidgeot;40,0;4 - 6 - 0;10
Tsareena;Mega Absol Box;40,0;2 - 3 - 0;5
Tsareena;Dragapult Dusknoir;38,1;8 - 13 - 0;21
Tsareena;N's Zoroark;33,33;2 - 4 - 0;6
Tsareena;Gardevoir Jellicent;33,33;2 - 4 - 0;6
Tsareena;Charizard Noctowl;30,0;3 - 7 - 0;10
Tsareena;Lucario Hariyama;20,0;1 - 4 - 0;5
Tsareena;Raging Bolt Ogerpon;20,0;1 - 4 - 0;5
Tsareena;Gholdengo Lunatone;16,67;3 - 15 - 0;18
Tsareena;Gardevoir;0,0;0 - 4 - 0;4
Tsareena;Grimmsnarl Froslass;0,0;0 - 3 - 1;4
Tsareena;Mega Venusaur;0,0;0 - 4 - 0;4
Tsareena;Ceruledge;0,0;0 - 3 - 0;3
Mega Camerupt;Raging Bolt Ogerpon;75,0;3 - 1 - 0;4
Mega Camerupt;Tera Box;60,0;3 - 2 - 0;5
Mega Camerupt;Charizard Pidgeot;57,14;4 - 3 - 0;7
Mega Camerupt;Lopunny Dusknoir;50,0;2 - 2 - 0;4
Mega Camerupt;Mega Absol Box;44,44;4 - 5 - 0;9
Mega Camerupt;Dragapult Dusknoir;37,5;6 - 10 - 0;16
Mega Camerupt;Ceruledge;33,33;1 - 2 - 0;3
Mega Camerupt;Alakazam Dudunsparce;28,57;2 - 5 - 0;7
Mega Camerupt;Gholdengo Lunatone;25,0;4 - 12 - 1;17
Mega Camerupt;Gardevoir Jellicent;25,0;2 - 6 - 0;8
Mega Camerupt;Grimmsnarl Froslass;25,0;1 - 3 - 0;4
Mega Camerupt;N's Zoroark;16,67;1 - 5 - 0;6
Mega Camerupt;Charizard Noctowl;0,0;0 - 4 - 0;4
Mega Camerupt;Kangaskhan Bouffalant;0,0;0 - 3 - 0;3
Flareon;Charizard Noctowl;75,0;3 - 1 - 0;4
Flareon;Gholdengo Lunatone;50,0;7 - 7 - 0;14
Flareon;N's Zoroark;42,86;3 - 4 - 0;7
Flareon;Gardevoir Jellicent;41,67;5 - 7 - 0;12
Flareon;Sharpedo Toxtricity;37,5;3 - 5 - 0;8
Flareon;Dragapult Dusknoir;33,33;6 - 12 - 0;18
Flareon;Charizard Pidgeot;33,33;2 - 4 - 0;6
Flareon;Mega Absol Box;25,0;1 - 3 - 0;4
Flareon;Alakazam Dudunsparce;12,5;1 - 7 - 0;8
Flareon;Grimmsnarl Froslass;0,0;0 - 6 - 0;6
Flareon;Greninja;0,0;0 - 4 - 0;4
Flareon;Gardevoir;0,0;0 - 4 - 0;4
Flareon;Tera Box;0,0;0 - 3 - 0;3
Flareon;Raging Bolt Ogerpon;0,0;0 - 3 - 0;3
Poison Latias;Gardevoir;75,0;3 - 1 - 0;4
Poison Latias;Sharpedo Toxtricity;66,67;2 - 1 - 0;3
Poison Latias;Raging Bolt Ogerpon;60,0;3 - 2 - 0;5
Poison Latias;Dragapult Dusknoir;50,0;6 - 6 - 1;13
Poison Latias;Grimmsnarl Froslass;50,0;3 - 3 - 0;6
Poison Latias;Dragapult Charizard;50,0;2 - 2 - 1;5
Poison Latias;Lopunny Dusknoir;50,0;2 - 2 - 0;4
Poison Latias;Kangaskhan Bouffalant;50,0;2 - 2 - 0;4
Poison Latias;N's Zoroark;33,33;4 - 8 - 1;13
Poison Latias;Mega Absol Box;33,33;1 - 2 - 0;3
Poison Latias;Greninja;33,33;1 - 2 - 0;3
Poison Latias;Gholdengo Lunatone;30,43;7 - 16 - 0;23
Poison Latias;Ceruledge;25,0;1 - 3 - 0;4
Poison Latias;Alakazam Dudunsparce;20,0;1 - 4 - 0;5
Poison Latias;Charizard Noctowl;20,0;1 - 4 - 0;5
Poison Latias;Charizard Pidgeot;14,29;1 - 6 - 0;7
Poison Latias;Gardevoir Jellicent;0,0;0 - 5 - 0;5
Poison Latias;Mega Venusaur;0,0;0 - 3 - 0;3
Raging Bolt Bellibolt;Mega Absol Box;71,43;5 - 2 - 0;7
Raging Bolt Bellibolt;Kangaskhan Bouffalant;66,67;4 - 2 - 0;6
Raging Bolt Bellibolt;Dragapult Charizard;66,67;2 - 1 - 0;3
Raging Bolt Bellibolt;Lopunny Dusknoir;60,0;3 - 2 - 0;5
Raging Bolt Bellibolt;Gardevoir;50,0;3 - 3 - 0;6
Raging Bolt Bellibolt;Greninja;50,0;2 - 2 - 0;4
Raging Bolt Bellibolt;Grimmsnarl Froslass;42,86;3 - 4 - 0;7
Raging Bolt Bellibolt;Gardevoir Jellicent;40,0;4 - 6 - 0;10
Raging Bolt Bellibolt;Charizard Noctowl;40,0;4 - 6 - 0;10
Raging Bolt Bellibolt;Alakazam Dudunsparce;33,33;3 - 6 - 0;9
Raging Bolt Bellibolt;Charizard Pidgeot;33,33;2 - 4 - 0;6
Raging Bolt Bellibolt;Raging Bolt Ogerpon;33,33;2 - 4 - 0;6
Raging Bolt Bellibolt;Ceruledge;28,57;2 - 5 - 0;7
Raging Bolt Bellibolt;Dragapult Dusknoir;27,27;3 - 8 - 0;11
Raging Bolt Bellibolt;N's Zoroark;25,0;1 - 3 - 0;4
Raging Bolt Bellibolt;Gholdengo Lunatone;21,05;4 - 15 - 0;19
Blissey;Lopunny Dusknoir;66,67;2 - 1 - 0;3
Blissey;Lucario Hariyama;66,67;2 - 1 - 0;3
Blissey;Gardevoir Jellicent;62,5;5 - 3 - 0;8
Blissey;Charizard Noctowl;57,14;4 - 3 - 0;7
Blissey;Gardevoir;50,0;3 - 3 - 0;6
Blissey;Dragapult Dusknoir;41,67;5 - 7 - 0;12
Blissey;Grimmsnarl Froslass;40,0;2 - 3 - 0;5
Blissey;N's Zoroark;33,33;1 - 2 - 0;3
Blissey;Charizard Pidgeot;33,33;1 - 2 - 0;3
Blissey;Mega Venusaur;33,33;1 - 2 - 0;3
Blissey;Dragapult Charizard;33,33;1 - 2 - 0;3
Blissey;Alakazam Dudunsparce;33,33;1 - 2 - 0;3
Blissey;Gholdengo Lunatone;26,32;5 - 14 - 0;19
Blissey;Kangaskhan Bouffalant;25,0;1 - 3 - 0;4
Blissey;Mega Absol Box;20,0;1 - 4 - 0;5
Blissey;Tera Box;0,0;0 - 5 - 0;5
Blissey;Greninja;0,0;0 - 3 - 0;3
Blaziken;Gardevoir;62,5;5 - 3 - 0;8
Blaziken;Grimmsnarl Froslass;50,0;2 - 2 - 0;4
Blaziken;Ceruledge;50,0;2 - 2 - 0;4
Blaziken;Sharpedo Toxtricity;50,0;2 - 2 - 0;4
Blaziken;Gholdengo Lunatone;41,67;5 - 7 - 0;12
Blaziken;N's Zoroark;40,0;2 - 3 - 0;5
Blaziken;Gardevoir Jellicent;33,33;4 - 8 - 0;12
Blaziken;Tera Box;33,33;1 - 2 - 0;3
Blaziken;Charizard Pidgeot;30,0;3 - 7 - 0;10
Blaziken;Alakazam Dudunsparce;28,57;2 - 5 - 0;7
Blaziken;Mega Absol Box;25,0;2 - 6 - 0;8
Blaziken;Charizard Noctowl;25,0;1 - 3 - 0;4
Blaziken;Dragapult Dusknoir;23,08;3 - 10 - 0;13
Blaziken;Kangaskhan Bouffalant;0,0;0 - 9 - 0;9
Blaziken;Lopunny Dusknoir;0,0;0 - 4 - 0;4
Blaziken;Raging Bolt Ogerpon;0,0;0 - 3 - 0;3
Iron Thorns;N's Zoroark;75,0;3 - 1 - 0;4
Iron Thorns;Charizard Pidgeot;75,0;3 - 1 - 0;4
Iron Thorns;Lopunny Dusknoir;66,67;2 - 1 - 0;3
Iron Thorns;Gardevoir Jellicent;60,0;3 - 2 - 0;5
Iron Thorns;Mega Absol Box;50,0;3 - 3 - 0;6
Iron Thorns;Charizard Noctowl;50,0;3 - 3 - 0;6
Iron Thorns;Raging Bolt Ogerpon;50,0;2 - 2 - 0;4
Iron Thorns;Gholdengo Lunatone;38,46;5 - 8 - 0;13
Iron Thorns;Dragapult Dusknoir;33,33;3 - 6 - 0;9
Iron Thorns;Grimmsnarl Froslass;33,33;2 - 4 - 0;6
Iron Thorns;Alakazam Dudunsparce;20,0;1 - 4 - 0;5
Iron Thorns;Dragapult Charizard;0,0;0 - 4 - 0;4
Ethan's Magcargo;Raging Bolt Ogerpon;75,0;3 - 1 - 0;4
Ethan's Magcargo;Mega Venusaur;75,0;3 - 1 - 0;4
Ethan's Magcargo;Gholdengo Lunatone;70,0;7 - 3 - 0;10
Ethan's Magcargo;Dragapult Dusknoir;65,38;17 - 9 - 0;26
Ethan's Magcargo;Grimmsnarl Froslass;57,14;4 - 3 - 0;7
Ethan's Magcargo;Ceruledge;50,0;2 - 2 - 0;4
Ethan's Magcargo;Lopunny Dusknoir;50,0;2 - 2 - 0;4
Ethan's Magcargo;Charizard Pidgeot;50,0;2 - 2 - 0;4
Ethan's Magcargo;Mega Absol Box;50,0;2 - 2 - 0;4
Ethan's Magcargo;Gardevoir Jellicent;25,0;1 - 3 - 0;4
Ethan's Magcargo;Tera Box;20,0;1 - 4 - 0;5
Ethan's Magcargo;Alakazam Dudunsparce;16,67;1 - 5 - 0;6
Ethan's Magcargo;Kangaskhan Bouffalant;0,0;0 - 3 - 0;3
Mamoswine;Alakazam Dudunsparce;60,0;3 - 2 - 0;5
Mamoswine;Charizard Noctowl;50,0;4 - 4 - 0;8
Mamoswine;Mega Absol Box;50,0;3 - 3 - 0;6
Mamoswine;Kangaskhan Bouffalant;50,0;3 - 3 - 0;6
Mamoswine;N's Zoroark;42,86;3 - 4 - 0;7
Mamoswine;Lopunny Dusknoir;40,0;2 - 3 - 0;5
Mamoswine;Gardevoir Jellicent;40,0;2 - 3 - 0;5
Mamoswine;Charizard Pidgeot;40,0;2 - 3 - 0;5
Mamoswine;Mega Venusaur;33,33;1 - 2 - 0;3
Mamoswine;Gholdengo Lunatone;22,22;2 - 7 - 0;9
Mamoswine;Dragapult Dusknoir;20,0;3 - 12 - 0;15
Mamoswine;Gardevoir;16,67;1 - 5 - 0;6
Mamoswine;Grimmsnarl Froslass;0,0;0 - 4 - 0;4
Rocket's Porygon-Z;Alakazam Dudunsparce;75,0;3 - 1 - 0;4
Rocket's Porygon-Z;Ceruledge;60,0;3 - 2 - 0;5
Rocket's Porygon-Z;Mega Absol Box;57,14;4 - 3 - 0;7
Rocket's Porygon-Z;Lopunny Dusknoir;50,0;2 - 2 - 0;4
Rocket's Porygon-Z;Grimmsnarl Froslass;40,0;2 - 3 - 1;6
Rocket's Porygon-Z;Dragapult Dusknoir;33,33;4 - 8 - 0;12
Rocket's Porygon-Z;Gholdengo Lunatone;33,33;3 - 6 - 0;9
Rocket's Porygon-Z;Charizard Pidgeot;33,33;2 - 4 - 0;6
Rocket's Porygon-Z;Gardevoir;33,33;1 - 2 - 0;3
Rocket's Porygon-Z;Greninja;33,33;1 - 2 - 0;3
Rocket's Porygon-Z;Charizard Noctowl;33,33;1 - 2 - 0;3
Rocket's Porygon-Z;Gardevoir Jellicent;0,0;0 - 7 - 0;7
Rocket's Porygon-Z;Kangaskhan Bouffalant;0,0;0 - 6 - 0;6
Tinkaton;Lucario Hariyama;100,0;3 - 0 - 0;3
Tinkaton;Tera Box;75,0;3 - 1 - 0;4
Tinkaton;Kangaskhan Bouffalant;75,0;3 - 1 - 0;4
Tinkaton;Charizard Noctowl;60,0;3 - 2 - 0;5
Tinkaton;Grimmsnarl Froslass;42,86;3 - 4 - 0;7
Tinkaton;Gholdengo Lunatone;40,0;4 - 6 - 0;10
Tinkaton;Raging Bolt Ogerpon;40,0;2 - 3 - 0;5
Tinkaton;Lopunny Dusknoir;33,33;1 - 2 - 0;3
Tinkaton;Alakazam Dudunsparce;28,57;2 - 5 - 0;7
Tinkaton;Gardevoir Jellicent;25,0;1 - 3 - 1;5
Tinkaton;Mega Absol Box;25,0;1 - 3 - 0;4
Tinkaton;Mega Venusaur;25,0;1 - 3 - 0;4
Tinkaton;Dragapult Dusknoir;11,11;1 - 8 - 0;9
United Wings;Gholdengo Lunatone;50,0;3 - 3 - 0;6
United Wings;Kangaskhan Bouffalant;50,0;2 - 2 - 0;4
United Wings;Grimmsnarl Froslass;40,0;2 - 3 - 0;5
United Wings;Charizard Noctowl;40,0;2 - 3 - 0;5
United Wings;Dragapult Dusknoir;33,33;3 - 6 - 0;9
United Wings;Raging Bolt Ogerpon;33,33;2 - 4 - 0;6
United Wings;Gardevoir Jellicent;33,33;1 - 2 - 0;3
United Wings;Alakazam Dudunsparce;33,33;1 - 2 - 0;3
United Wings;Mega Absol Box;20,0;1 - 4 - 0;5
United Wings;Lopunny Dusknoir;0,0;0 - 3 - 0;3
Gholdengo Typhlosion;Lopunny Dusknoir;100,0;4 - 0 - 0;4
Gholdengo Typhlosion;Dragapult Charizard;100,0;3 - 0 - 0;3
Gholdengo Typhlosion;N's Zoroark;100,0;3 - 0 - 0;3
Gholdengo Typhlosion;Kangaskhan Bouffalant;71,43;5 - 2 - 0;7
Gholdengo Typhlosion;Mega Absol Box;66,67;2 - 1 - 0;3
Gholdengo Typhlosion;Gholdengo Lunatone;50,0;6 - 6 - 0;12
Gholdengo Typhlosion;Gardevoir Jellicent;50,0;3 - 3 - 0;6
Gholdengo Typhlosion;Raging Bolt Ogerpon;50,0;2 - 2 - 0;4
Gholdengo Typhlosion;Charizard Noctowl;42,86;3 - 4 - 0;7
Gholdengo Typhlosion;Alakazam Dudunsparce;37,5;3 - 5 - 0;8
Gholdengo Typhlosion;Dragapult Dusknoir;33,33;3 - 6 - 0;9
Gholdengo Typhlosion;Charizard Pidgeot;33,33;1 - 2 - 0;3
Gholdengo Typhlosion;Sharpedo Toxtricity;33,33;1 - 2 - 0;3
Gholdengo Typhlosion;Grimmsnarl Froslass;0,0;0 - 3 - 0;3
Gholdengo Typhlosion;Ceruledge;0,0;0 - 3 - 0;3
Toedscruel;Mega Venusaur;100,0;4 - 0 - 0;4
Toedscruel;Gholdengo Lunatone;80,0;4 - 1 - 0;5
Toedscruel;Sharpedo Toxtricity;75,0;3 - 1 - 0;4
Toedscruel;Grimmsnarl Froslass;57,14;4 - 3 - 0;7
Toedscruel;Charizard Noctowl;50,0;2 - 2 - 0;4
Toedscruel;Kangaskhan Bouffalant;50,0;1 - 1 - 1;3
Toedscruel;N's Zoroark;42,86;3 - 4 - 0;7
Toedscruel;Raging Bolt Ogerpon;40,0;2 - 3 - 0;5
Toedscruel;Greninja;33,33;1 - 2 - 0;3
Toedscruel;Dragapult Dusknoir;30,0;3 - 7 - 0;10
Toedscruel;Mega Absol Box;20,0;1 - 4 - 0;5
Toedscruel;Gardevoir Jellicent;0,0;0 - 4 - 0;4
Toedscruel;Lopunny Dusknoir;0,0;0 - 3 - 0;3
Future Box;Charizard Pidgeot;100,0;3 - 0 - 0;3
Future Box;Grimmsnarl Froslass;80,0;4 - 1 - 0;5
Future Box;Alakazam Dudunsparce;66,67;2 - 1 - 0;3
Future Box;Mega Absol Box;62,5;5 - 3 - 0;8
Future Box;Kangaskhan Bouffalant;50,0;3 - 3 - 0;6
Future Box;Gholdengo Lunatone;46,15;6 - 7 - 0;13
Future Box;Raging Bolt Ogerpon;33,33;1 - 2 - 0;3
Future Box;Dragapult Dusknoir;30,0;3 - 7 - 0;10
Future Box;Charizard Noctowl;14,29;1 - 6 - 0;7
Future Box;Dragapult Charizard;0,0;0 - 4 - 0;4
Mega Manectric;Mega Absol Box;80,0;4 - 1 - 0;5
Mega Manectric;Gardevoir Jellicent;66,67;2 - 1 - 0;3
Mega Manectric;Charizard Noctowl;37,5;3 - 5 - 0;8
Mega Manectric;Dragapult Dusknoir;33,33;4 - 8 - 0;12
Mega Manectric;Tera Box;33,33;1 - 2 - 0;3
Mega Manectric;Gholdengo Lunatone;16,67;1 - 5 - 0;6
Mega Manectric;Grimmsnarl Froslass;0,0;0 - 3 - 0;3
Mega Sharpedo;Mega Absol Box;75,0;3 - 1 - 0;4
Mega Sharpedo;Dragapult Dusknoir;50,0;3 - 3 - 0;6
Mega Sharpedo;Gardevoir Jellicent;50,0;2 - 2 - 0;4
Mega Sharpedo;Charizard Noctowl;50,0;2 - 2 - 0;4
Mega Sharpedo;Charizard Pidgeot;33,33;2 - 4 - 0;6
Mega Sharpedo;Ceruledge;20,0;1 - 4 - 0;5
Mega Sharpedo;Gholdengo Lunatone;16,67;1 - 5 - 0;6
Mega Sharpedo;Kangaskhan Bouffalant;0,0;0 - 4 - 1;5
Mega Sharpedo;Raging Bolt Ogerpon;0,0;0 - 3 - 0;3
Charizard Dragapult;Charizard Pidgeot;66,67;6 - 3 - 0;9
Charizard Dragapult;Gholdengo Lunatone;50,0;3 - 3 - 0;6
Charizard Dragapult;Gardevoir Jellicent;50,0;2 - 2 - 0;4
Charizard Dragapult;Dragapult Dusknoir;41,67;5 - 7 - 1;13
Charizard Dragapult;Kangaskhan Bouffalant;33,33;1 - 2 - 0;3
Charizard Dragapult;Charizard Noctowl;25,0;1 - 3 - 0;4
Charizard Dragapult;Grimmsnarl Froslass;0,0;0 - 3 - 0;3
Azumarill;Gholdengo Lunatone;100,0;5 - 0 - 0;5
Azumarill;Charizard Noctowl;100,0;5 - 0 - 0;5
Azumarill;Dragapult Dusknoir;36,36;4 - 7 - 1;12
Azumarill;Alakazam Dudunsparce;33,33;1 - 2 - 0;3
Azumarill;Lopunny Dusknoir;33,33;1 - 2 - 0;3
Azumarill;Gardevoir Jellicent;22,22;2 - 7 - 1;10
Azumarill;Gardevoir;0,0;0 - 5 - 1;6
Azumarill;Grimmsnarl Froslass;0,0;0 - 6 - 0;6
Azumarill;Raging Bolt Ogerpon;0,0;0 - 2 - 1;3
Azumarill;Kangaskhan Bouffalant;0,0;0 - 3 - 0;3
Lopunny Dudunsparce;Alakazam Dudunsparce;100,0;3 - 0 - 0;3
Lopunny Dudunsparce;Charizard Noctowl;80,0;4 - 1 - 0;5
Lopunny Dudunsparce;Mega Venusaur;66,67;2 - 1 - 0;3
Lopunny Dudunsparce;Raging Bolt Ogerpon;60,0;3 - 2 - 0;5
Lopunny Dudunsparce;Kangaskhan Bouffalant;60,0;3 - 2 - 0;5
Lopunny Dudunsparce;Gardevoir Jellicent;50,0;3 - 3 - 0;6
Lopunny Dudunsparce;N's Zoroark;50,0;2 - 2 - 0;4
Lopunny Dudunsparce;Gholdengo Lunatone;37,5;3 - 5 - 0;8
Lopunny Dudunsparce;Dragapult Dusknoir;12,5;1 - 7 - 0;8
Lopunny Dudunsparce;Charizard Pidgeot;0,0;0 - 4 - 1;5
Lopunny Dudunsparce;Grimmsnarl Froslass;0,0;0 - 3 - 0;3
Lopunny Dudunsparce;Lopunny Dusknoir;0,0;0 - 3 - 0;3
Scovillain;Alakazam Dudunsparce;66,67;2 - 1 - 0;3
Scovillain;Dragapult Dusknoir;50,0;4 - 4 - 0;8
Scovillain;N's Zoroark;33,33;1 - 2 - 0;3
Scovillain;Mega Venusaur;33,33;1 - 2 - 0;3
Scovillain;Charizard Noctowl;33,33;1 - 2 - 0;3
Scovillain;Charizard Pidgeot;28,57;2 - 5 - 0;7
Scovillain;Gholdengo Lunatone;14,29;1 - 6 - 0;7
Scovillain;Grimmsnarl Froslass;0,0;0 - 3 - 0;3
Miraidon Eelektrik;Gardevoir Jellicent;60,0;3 - 2 - 0;5
Miraidon Eelektrik;Dragapult Dusknoir;55,56;5 - 4 - 0;9
Miraidon Eelektrik;Gholdengo Lunatone;50,0;2 - 2 - 0;4
Miraidon Eelektrik;Lopunny Dusknoir;50,0;2 - 2 - 0;4
Miraidon Eelektrik;Alakazam Dudunsparce;28,57;2 - 5 - 0;7
Miraidon Eelektrik;Kangaskhan Bouffalant;0,0;0 - 4 - 0;4
