name,set,number,type,rarity,image_url
Erika's Oddish,ASC,1,G Basic,Common,https://limitlesstcg.nyc3.cdn.digitaloceanspaces.com/tpci/ASC/ASC_001_R_EN_LG.png
Erika's Gloom,ASC,2,G Stage 1,Uncommon,https://limitlesstcg.nyc3.cdn.digitaloceanspaces.com/tpci/ASC/ASC_002_R_EN_LG.png
Erika's Vileplume ex,ASC,3,G Stage 2,Double Rare,https://limitlesstcg.nyc3.cdn.digitaloceanspaces.com/tpci/ASC/ASC_003_R_EN_LG.png
Erika's Bellsprout,ASC,4,G Basic,Common,https://limitlesstcg.nyc3.cdn.digitaloceanspaces.com/tpci/ASC/ASC_004_R_EN_LG.png
Erika's Weepinbell,ASC,5,G Stage 1,Uncommon,https://limitlesstcg.nyc3.cdn.digitaloceanspaces.com/tpci/ASC/ASC_005_R_EN_LG.png
Erika's Victreebel,ASC,6,G Stage 2,Rare,https://limitlesstcg.nyc3.cdn.digitaloceanspaces.com/tpci/ASC/ASC_006_R_EN_LG.png
Erika's Tangela,ASC,7,G Basic,Common,https://limitlesstcg.nyc3.cdn.digitaloceanspaces.com/tpci/ASC/ASC_007_R_EN_LG.png
Chikorita,ASC,8,G Basic,Common,https://limitlesstcg.nyc3.cdn.digitaloceanspaces.com/tpci/ASC/ASC_008_R_EN_LG.png
Bayleef,ASC,9,G Stage 1,Uncommon,https://limitlesstcg.nyc3.cdn.digitaloceanspaces.com/tpci/ASC/ASC_009_R_EN_LG.png
Mega Meganium ex,ASC,10,G Stage 2,Double Rare,https://limitlesstcg.nyc3.cdn.digitaloceanspaces.com/tpci/ASC/ASC_010_R_EN_LG.png
Wurmple,ASC,11,G Basic,Common,https://limitlesstcg.nyc3.cdn.digitaloceanspaces.com/tpci/ASC/ASC_011_R_EN_LG.png
Silcoon,ASC,12,G Stage 1,Common,https://limitlesstcg.nyc3.cdn.digitaloceanspaces.com/tpci/ASC/ASC_012_R_EN_LG.png
Beautifly,ASC,13,G Stage 2,Uncommon,https://limitlesstcg.nyc3.cdn.digitaloceanspaces.com/tpci/ASC/ASC_013_R_EN_LG.png
Cascoon,ASC,14,G Stage 1,Common,https://limitlesstcg.nyc3.cdn.digitaloceanspaces.com/tpci/ASC/ASC_014_R_EN_LG.png
Dustox,ASC,15,G Stage 2,Uncommon,https://limitlesstcg.nyc3.cdn.digitaloceanspaces.com/tpci/ASC/ASC_015_R_EN_LG.png
Budew,ASC,16,G Basic,Common,https://limitlesstcg.nyc3.cdn.digitaloceanspaces.com/tpci/ASC/ASC_016_R_EN_LG.png
Grubbin,ASC,17,G Basic,Common,https://limitlesstcg.nyc3.cdn.digitaloceanspaces.com/tpci/ASC/ASC_017_R_EN_LG.png
Team Rocket's Tarountula,ASC,18,G Basic,Common,https://limitlesstcg.nyc3.cdn.digitaloceanspaces.com/tpci/ASC/ASC_018_R_EN_LG.png
Team Rocket's Spidops,ASC,19,G Stage 1,Rare,https://limitlesstcg.nyc3.cdn.digitaloceanspaces.com/tpci/ASC/ASC_019_R_EN_LG.png
Charmander,ASC,20,R Basic,Common,https://limitlesstcg.nyc3.cdn.digitaloceanspaces.com/tpci/ASC/ASC_020_R_EN_LG.png
Charmeleon,ASC,21,R Stage 1,Uncommon,https://limitlesstcg.nyc3.cdn.digitaloceanspaces.com/tpci/ASC/ASC_021_R_EN_LG.png
Mega Charizard Y ex,ASC,22,R Stage 2,Double Rare,https://limitlesstcg.nyc3.cdn.digitaloceanspaces.com/tpci/ASC/ASC_022_R_EN_LG.png
Ethan's Slugma,ASC,23,R Basic,Common,https://limitlesstcg.nyc3.cdn.digitaloceanspaces.com/tpci/ASC/ASC_023_R_EN_LG.png
Ethan's Magcargo,ASC,24,R Stage 1,Rare,https://limitlesstcg.nyc3.cdn.digitaloceanspaces.com/tpci/ASC/ASC_024_R_EN_LG.png
Entei,ASC,25,R Basic,Rare,https://limitlesstcg.nyc3.cdn.digitaloceanspaces.com/tpci/ASC/ASC_025_R_EN_LG.png
Ethan's Ho-Oh ex,ASC,26,R Basic,Double Rare,https://limitlesstcg.nyc3.cdn.digitaloceanspaces.com/tpci/ASC/ASC_026_R_EN_LG.png
Numel,ASC,27,R Basic,Common,https://limitlesstcg.nyc3.cdn.digitaloceanspaces.com/tpci/ASC/ASC_027_R_EN_LG.png
Camerupt,ASC,28,R Stage 1,Uncommon,https://limitlesstcg.nyc3.cdn.digitaloceanspaces.com/tpci/ASC/ASC_028_R_EN_LG.png
Tepig,ASC,29,R Basic,Common,https://limitlesstcg.nyc3.cdn.digitaloceanspaces.com/tpci/ASC/ASC_029_R_EN_LG.png
Pignite,ASC,30,R Stage 1,Uncommon,https://limitlesstcg.nyc3.cdn.digitaloceanspaces.com/tpci/ASC/ASC_030_R_EN_LG.png
Mega Emboar ex,ASC,31,R Stage 2,Double Rare,https://limitlesstcg.nyc3.cdn.digitaloceanspaces.com/tpci/ASC/ASC_031_R_EN_LG.png
N's Darumaka,ASC,32,R Basic,Common,https://limitlesstcg.nyc3.cdn.digitaloceanspaces.com/tpci/ASC/ASC_032_R_EN_LG.png
N's Darmanitan,ASC,33,R Stage 1,Uncommon,https://limitlesstcg.nyc3.cdn.digitaloceanspaces.com/tpci/ASC/ASC_033_R_EN_LG.png
Salandit,ASC,34,R Basic,Common,https://limitlesstcg.nyc3.cdn.digitaloceanspaces.com/tpci/ASC/ASC_034_R_EN_LG.png
Salazzle,ASC,35,R Stage 1,Uncommon,https://limitlesstcg.nyc3.cdn.digitaloceanspaces.com/tpci/ASC/ASC_035_R_EN_LG.png
Scorbunny,ASC,36,R Basic,Common,https://limitlesstcg.nyc3.cdn.digitaloceanspaces.com/tpci/ASC/ASC_036_R_EN_LG.png
Raboot,ASC,37,R Stage 1,Common,https://limitlesstcg.nyc3.cdn.digitaloceanspaces.com/tpci/ASC/ASC_037_R_EN_LG.png
Cinderace ex,ASC,38,R Stage 2,Double Rare,https://limitlesstcg.nyc3.cdn.digitaloceanspaces.com/tpci/ASC/ASC_038_R_EN_LG.png
Psyduck,ASC,39,W Basic,Common,https://limitlesstcg.nyc3.cdn.digitaloceanspaces.com/tpci/ASC/ASC_039_R_EN_LG.png
Golduck,ASC,40,W Stage 1,Uncommon,https://limitlesstcg.nyc3.cdn.digitaloceanspaces.com/tpci/ASC/ASC_040_R_EN_LG.png
Totodile,ASC,41,W Basic,Common,https://limitlesstcg.nyc3.cdn.digitaloceanspaces.com/tpci/ASC/ASC_041_R_EN_LG.png
Croconaw,ASC,42,W Stage 1,Uncommon,https://limitlesstcg.nyc3.cdn.digitaloceanspaces.com/tpci/ASC/ASC_042_R_EN_LG.png
Mega Feraligatr ex,ASC,43,W Stage 2,Double Rare,https://limitlesstcg.nyc3.cdn.digitaloceanspaces.com/tpci/ASC/ASC_043_R_EN_LG.png
Sneasel,ASC,44,W Basic,Common,https://limitlesstcg.nyc3.cdn.digitaloceanspaces.com/tpci/ASC/ASC_044_R_EN_LG.png
Weavile,ASC,45,W Stage 1,Uncommon,https://limitlesstcg.nyc3.cdn.digitaloceanspaces.com/tpci/ASC/ASC_045_R_EN_LG.png
Snorunt,ASC,46,W Basic,Common,https://limitlesstcg.nyc3.cdn.digitaloceanspaces.com/tpci/ASC/ASC_046_R_EN_LG.png
Mega Froslass ex,ASC,47,W Stage 1,Double Rare,https://limitlesstcg.nyc3.cdn.digitaloceanspaces.com/tpci/ASC/ASC_047_R_EN_LG.png
Regice ex,ASC,48,W Basic,Double Rare,https://limitlesstcg.nyc3.cdn.digitaloceanspaces.com/tpci/ASC/ASC_048_R_EN_LG.png
N's Vanillite,ASC,49,W Basic,Common,https://limitlesstcg.nyc3.cdn.digitaloceanspaces.com/tpci/ASC/ASC_049_R_EN_LG.png
N's Vanillish,ASC,50,W Stage 1,Common,https://limitlesstcg.nyc3.cdn.digitaloceanspaces.com/tpci/ASC/ASC_050_R_EN_LG.png
N's Vanilluxe,ASC,51,W Stage 2,Uncommon,https://limitlesstcg.nyc3.cdn.digitaloceanspaces.com/tpci/ASC/ASC_051_R_EN_LG.png
Snom,ASC,52,W Basic,Common,https://limitlesstcg.nyc3.cdn.digitaloceanspaces.com/tpci/ASC/ASC_052_R_EN_LG.png
Frosmoth,ASC,53,W Stage 1,Uncommon,https://limitlesstcg.nyc3.cdn.digitaloceanspaces.com/tpci/ASC/ASC_053_R_EN_LG.png
Glastrier,ASC,54,W Basic,Uncommon,https://limitlesstcg.nyc3.cdn.digitaloceanspaces.com/tpci/ASC/ASC_054_R_EN_LG.png
Pikachu,ASC,55,L Basic,Common,https://limitlesstcg.nyc3.cdn.digitaloceanspaces.com/tpci/ASC/ASC_055_R_EN_LG.png
Raichu,ASC,56,L Stage 1,Uncommon,https://limitlesstcg.nyc3.cdn.digitaloceanspaces.com/tpci/ASC/ASC_056_R_EN_LG.png
Pikachu ex,ASC,57,L Basic,Double Rare,https://limitlesstcg.nyc3.cdn.digitaloceanspaces.com/tpci/ASC/ASC_057_R_EN_LG.png
Voltorb ex,ASC,58,L Basic,Double Rare,https://limitlesstcg.nyc3.cdn.digitaloceanspaces.com/tpci/ASC/ASC_058_R_EN_LG.png
Tynamo,ASC,59,L Basic,Common,https://limitlesstcg.nyc3.cdn.digitaloceanspaces.com/tpci/ASC/ASC_059_R_EN_LG.png
Eelektrik,ASC,60,L Stage 1,Uncommon,https://limitlesstcg.nyc3.cdn.digitaloceanspaces.com/tpci/ASC/ASC_060_R_EN_LG.png
Mega Eelektross ex,ASC,61,L Stage 2,Double Rare,https://limitlesstcg.nyc3.cdn.digitaloceanspaces.com/tpci/ASC/ASC_061_R_EN_LG.png
Stunfisk,ASC,62,L Basic,Common,https://limitlesstcg.nyc3.cdn.digitaloceanspaces.com/tpci/ASC/ASC_062_R_EN_LG.png
Helioptile,ASC,63,L Basic,Common,https://limitlesstcg.nyc3.cdn.digitaloceanspaces.com/tpci/ASC/ASC_063_R_EN_LG.png
Heliolisk,ASC,64,L Stage 1,Uncommon,https://limitlesstcg.nyc3.cdn.digitaloceanspaces.com/tpci/ASC/ASC_064_R_EN_LG.png
Charjabug,ASC,65,L Stage 1,Common,https://limitlesstcg.nyc3.cdn.digitaloceanspaces.com/tpci/ASC/ASC_065_R_EN_LG.png
Vikavolt,ASC,66,L Stage 2,Uncommon,https://limitlesstcg.nyc3.cdn.digitaloceanspaces.com/tpci/ASC/ASC_066_R_EN_LG.png
Tapu Koko,ASC,67,L Basic,Rare,https://limitlesstcg.nyc3.cdn.digitaloceanspaces.com/tpci/ASC/ASC_067_R_EN_LG.png
Hop's Pincurchin ex,ASC,68,L Basic,Double Rare,https://limitlesstcg.nyc3.cdn.digitaloceanspaces.com/tpci/ASC/ASC_068_R_EN_LG.png
Iono's Tadbulb,ASC,69,L Basic,Common,https://limitlesstcg.nyc3.cdn.digitaloceanspaces.com/tpci/ASC/ASC_069_R_EN_LG.png
Iono's Bellibolt ex,ASC,70,L Stage 1,Double Rare,https://limitlesstcg.nyc3.cdn.digitaloceanspaces.com/tpci/ASC/ASC_070_R_EN_LG.png
Iono's Wattrel,ASC,71,L Basic,Common,https://limitlesstcg.nyc3.cdn.digitaloceanspaces.com/tpci/ASC/ASC_071_R_EN_LG.png
Iono's Kilowattrel,ASC,72,L Stage 1,Rare,https://limitlesstcg.nyc3.cdn.digitaloceanspaces.com/tpci/ASC/ASC_072_R_EN_LG.png
Miraidon ex,ASC,73,L Basic,Double Rare,https://limitlesstcg.nyc3.cdn.digitaloceanspaces.com/tpci/ASC/ASC_073_R_EN_LG.png
Clefairy,ASC,74,P Basic,Common,https://limitlesstcg.nyc3.cdn.digitaloceanspaces.com/tpci/ASC/ASC_074_R_EN_LG.png
Clefable,ASC,75,P Stage 1,Uncommon,https://limitlesstcg.nyc3.cdn.digitaloceanspaces.com/tpci/ASC/ASC_075_R_EN_LG.png
Lillie's Clefairy ex,ASC,76,P Basic,Double Rare,https://limitlesstcg.nyc3.cdn.digitaloceanspaces.com/tpci/ASC/ASC_076_R_EN_LG.png
Team Rocket's Exeggcute,ASC,77,P Basic,Common,https://limitlesstcg.nyc3.cdn.digitaloceanspaces.com/tpci/ASC/ASC_077_R_EN_LG.png
Team Rocket's Exeggutor,ASC,78,P Stage 1,Rare,https://limitlesstcg.nyc3.cdn.digitaloceanspaces.com/tpci/ASC/ASC_078_R_EN_LG.png
Team Rocket's Mewtwo ex,ASC,79,P Basic,Double Rare,https://limitlesstcg.nyc3.cdn.digitaloceanspaces.com/tpci/ASC/ASC_079_R_EN_LG.png
Togepi,ASC,80,P Basic,Common,https://limitlesstcg.nyc3.cdn.digitaloceanspaces.com/tpci/ASC/ASC_080_R_EN_LG.png
Togetic,ASC,81,P Stage 1,Common,https://limitlesstcg.nyc3.cdn.digitaloceanspaces.com/tpci/ASC/ASC_081_R_EN_LG.png
Togekiss,ASC,82,P Stage 2,Rare,https://limitlesstcg.nyc3.cdn.digitaloceanspaces.com/tpci/ASC/ASC_082_R_EN_LG.png
Marill,ASC,83,P Basic,Common,https://limitlesstcg.nyc3.cdn.digitaloceanspaces.com/tpci/ASC/ASC_083_R_EN_LG.png
Azumarill ex,ASC,84,P Stage 1,Double Rare,https://limitlesstcg.nyc3.cdn.digitaloceanspaces.com/tpci/ASC/ASC_084_R_EN_LG.png
Misdreavus,ASC,85,P Basic,Common,https://limitlesstcg.nyc3.cdn.digitaloceanspaces.com/tpci/ASC/ASC_085_R_EN_LG.png
Mismagius,ASC,86,P Stage 1,Rare,https://limitlesstcg.nyc3.cdn.digitaloceanspaces.com/tpci/ASC/ASC_086_R_EN_LG.png
Ralts,ASC,87,P Basic,Common,https://limitlesstcg.nyc3.cdn.digitaloceanspaces.com/tpci/ASC/ASC_087_R_EN_LG.png
Kirlia,ASC,88,P Stage 1,Common,https://limitlesstcg.nyc3.cdn.digitaloceanspaces.com/tpci/ASC/ASC_088_R_EN_LG.png
Mega Gardevoir ex,ASC,89,P Stage 2,Double Rare,https://limitlesstcg.nyc3.cdn.digitaloceanspaces.com/tpci/ASC/ASC_089_R_EN_LG.png
Shuppet,ASC,90,P Basic,Common,https://limitlesstcg.nyc3.cdn.digitaloceanspaces.com/tpci/ASC/ASC_090_R_EN_LG.png
Banette,ASC,91,P Stage 1,Uncommon,https://limitlesstcg.nyc3.cdn.digitaloceanspaces.com/tpci/ASC/ASC_091_R_EN_LG.png
Rotom,ASC,92,P Basic,Common,https://limitlesstcg.nyc3.cdn.digitaloceanspaces.com/tpci/ASC/ASC_092_R_EN_LG.png
Swirlix,ASC,93,P Basic,Common,https://limitlesstcg.nyc3.cdn.digitaloceanspaces.com/tpci/ASC/ASC_093_R_EN_LG.png
Slurpuff,ASC,94,P Stage 1,Uncommon,https://limitlesstcg.nyc3.cdn.digitaloceanspaces.com/tpci/ASC/ASC_094_R_EN_LG.png
Hop's Phantump,ASC,95,P Basic,Common,https://limitlesstcg.nyc3.cdn.digitaloceanspaces.com/tpci/ASC/ASC_095_R_EN_LG.png
Hop's Trevenant,ASC,96,P Stage 1,Rare,https://limitlesstcg.nyc3.cdn.digitaloceanspaces.com/tpci/ASC/ASC_096_R_EN_LG.png
Team Rocket's Mimikyu,ASC,97,P Basic,Uncommon,https://limitlesstcg.nyc3.cdn.digitaloceanspaces.com/tpci/ASC/ASC_097_R_EN_LG.png
Spectrier,ASC,98,P Basic,Rare,https://limitlesstcg.nyc3.cdn.digitaloceanspaces.com/tpci/ASC/ASC_098_R_EN_LG.png
Munkidori,ASC,99,P Basic,Rare,https://limitlesstcg.nyc3.cdn.digitaloceanspaces.com/tpci/ASC/ASC_099_R_EN_LG.png
Team Rocket's Diglett,ASC,100,F Basic,Common,https://limitlesstcg.nyc3.cdn.digitaloceanspaces.com/tpci/ASC/ASC_100_R_EN_LG.png
Team Rocket's Dugtrio,ASC,101,F Stage 1,Uncommon,https://limitlesstcg.nyc3.cdn.digitaloceanspaces.com/tpci/ASC/ASC_101_R_EN_LG.png
Hitmontop,ASC,102,F Basic,Common,https://limitlesstcg.nyc3.cdn.digitaloceanspaces.com/tpci/ASC/ASC_102_R_EN_LG.png
Meditite,ASC,103,F Basic,Common,https://limitlesstcg.nyc3.cdn.digitaloceanspaces.com/tpci/ASC/ASC_103_R_EN_LG.png
Medicham,ASC,104,F Stage 1,Common,https://limitlesstcg.nyc3.cdn.digitaloceanspaces.com/tpci/ASC/ASC_104_R_EN_LG.png
Lunatone,ASC,105,F Basic,Rare,https://limitlesstcg.nyc3.cdn.digitaloceanspaces.com/tpci/ASC/ASC_105_R_EN_LG.png
Solrock,ASC,106,F Basic,Uncommon,https://limitlesstcg.nyc3.cdn.digitaloceanspaces.com/tpci/ASC/ASC_106_R_EN_LG.png
Regirock ex,ASC,107,F Basic,Double Rare,https://limitlesstcg.nyc3.cdn.digitaloceanspaces.com/tpci/ASC/ASC_107_R_EN_LG.png
Groudon,ASC,108,F Basic,Rare,https://limitlesstcg.nyc3.cdn.digitaloceanspaces.com/tpci/ASC/ASC_108_R_EN_LG.png
Cynthia's Gible,ASC,109,F Basic,Common,https://limitlesstcg.nyc3.cdn.digitaloceanspaces.com/tpci/ASC/ASC_109_R_EN_LG.png
Cynthia's Gabite,ASC,110,F Stage 1,Uncommon,https://limitlesstcg.nyc3.cdn.digitaloceanspaces.com/tpci/ASC/ASC_110_R_EN_LG.png
Cynthia's Garchomp ex,ASC,111,F Stage 2,Double Rare,https://limitlesstcg.nyc3.cdn.digitaloceanspaces.com/tpci/ASC/ASC_111_R_EN_LG.png
Riolu,ASC,112,F Basic,Common,https://limitlesstcg.nyc3.cdn.digitaloceanspaces.com/tpci/ASC/ASC_112_R_EN_LG.png
Mega Lucario ex,ASC,113,F Stage 1,Double Rare,https://limitlesstcg.nyc3.cdn.digitaloceanspaces.com/tpci/ASC/ASC_113_R_EN_LG.png
Stunfisk ex,ASC,114,F Basic,Double Rare,https://limitlesstcg.nyc3.cdn.digitaloceanspaces.com/tpci/ASC/ASC_114_R_EN_LG.png
Pancham,ASC,115,F Basic,Common,https://limitlesstcg.nyc3.cdn.digitaloceanspaces.com/tpci/ASC/ASC_115_R_EN_LG.png
Mega Hawlucha ex,ASC,116,F Basic,Double Rare,https://limitlesstcg.nyc3.cdn.digitaloceanspaces.com/tpci/ASC/ASC_116_R_EN_LG.png
Carbink,ASC,117,F Basic,Uncommon,https://limitlesstcg.nyc3.cdn.digitaloceanspaces.com/tpci/ASC/ASC_117_R_EN_LG.png
Rolycoly,ASC,118,F Basic,Common,https://limitlesstcg.nyc3.cdn.digitaloceanspaces.com/tpci/ASC/ASC_118_R_EN_LG.png
Carkol,ASC,119,F Stage 1,Common,https://limitlesstcg.nyc3.cdn.digitaloceanspaces.com/tpci/ASC/ASC_119_R_EN_LG.png
Coalossal,ASC,120,F Stage 2,Rare,https://limitlesstcg.nyc3.cdn.digitaloceanspaces.com/tpci/ASC/ASC_120_R_EN_LG.png
Koraidon ex,ASC,121,F Basic,Double Rare,https://limitlesstcg.nyc3.cdn.digitaloceanspaces.com/tpci/ASC/ASC_121_R_EN_LG.png
Okidogi,ASC,122,F Basic,Rare,https://limitlesstcg.nyc3.cdn.digitaloceanspaces.com/tpci/ASC/ASC_122_R_EN_LG.png
Gastly,ASC,123,D Basic,Common,https://limitlesstcg.nyc3.cdn.digitaloceanspaces.com/tpci/ASC/ASC_123_R_EN_LG.png
Haunter,ASC,124,D Stage 1,Uncommon,https://limitlesstcg.nyc3.cdn.digitaloceanspaces.com/tpci/ASC/ASC_124_R_EN_LG.png
Mega Gengar ex,ASC,125,D Stage 2,Double Rare,https://limitlesstcg.nyc3.cdn.digitaloceanspaces.com/tpci/ASC/ASC_125_R_EN_LG.png
Team Rocket's Murkrow,ASC,126,D Basic,Common,https://limitlesstcg.nyc3.cdn.digitaloceanspaces.com/tpci/ASC/ASC_126_R_EN_LG.png
Team Rocket's Honchkrow,ASC,127,D Stage 1,Rare,https://limitlesstcg.nyc3.cdn.digitaloceanspaces.com/tpci/ASC/ASC_127_R_EN_LG.png
Poochyena,ASC,128,D Basic,Common,https://limitlesstcg.nyc3.cdn.digitaloceanspaces.com/tpci/ASC/ASC_128_R_EN_LG.png
Mightyena,ASC,129,D Stage 1,Uncommon,https://limitlesstcg.nyc3.cdn.digitaloceanspaces.com/tpci/ASC/ASC_129_R_EN_LG.png
Galarian Zigzagoon,ASC,130,D Basic,Common,https://limitlesstcg.nyc3.cdn.digitaloceanspaces.com/tpci/ASC/ASC_130_R_EN_LG.png
Galarian Linoone,ASC,131,D Stage 1,Common,https://limitlesstcg.nyc3.cdn.digitaloceanspaces.com/tpci/ASC/ASC_131_R_EN_LG.png
Galarian Obstagoon,ASC,132,D Stage 2,Uncommon,https://limitlesstcg.nyc3.cdn.digitaloceanspaces.com/tpci/ASC/ASC_132_R_EN_LG.png
Cynthia's Spiritomb,ASC,133,D Basic,Uncommon,https://limitlesstcg.nyc3.cdn.digitaloceanspaces.com/tpci/ASC/ASC_133_R_EN_LG.png
Scraggy,ASC,134,D Basic,Common,https://limitlesstcg.nyc3.cdn.digitaloceanspaces.com/tpci/ASC/ASC_134_R_EN_LG.png
Mega Scrafty ex,ASC,135,D Stage 1,Double Rare,https://limitlesstcg.nyc3.cdn.digitaloceanspaces.com/tpci/ASC/ASC_135_R_EN_LG.png
N's Zorua,ASC,136,D Basic,Common,https://limitlesstcg.nyc3.cdn.digitaloceanspaces.com/tpci/ASC/ASC_136_R_EN_LG.png
N's Zoroark ex,ASC,137,D Stage 1,Double Rare,https://limitlesstcg.nyc3.cdn.digitaloceanspaces.com/tpci/ASC/ASC_137_R_EN_LG.png
Vullaby,ASC,138,D Basic,Common,https://limitlesstcg.nyc3.cdn.digitaloceanspaces.com/tpci/ASC/ASC_138_R_EN_LG.png
Mandibuzz ex,ASC,139,D Stage 1,Double Rare,https://limitlesstcg.nyc3.cdn.digitaloceanspaces.com/tpci/ASC/ASC_139_R_EN_LG.png
Pangoro,ASC,140,D Stage 1,Uncommon,https://limitlesstcg.nyc3.cdn.digitaloceanspaces.com/tpci/ASC/ASC_140_R_EN_LG.png
Hoopa,ASC,141,D Basic,Rare,https://limitlesstcg.nyc3.cdn.digitaloceanspaces.com/tpci/ASC/ASC_141_R_EN_LG.png
Fezandipiti ex,ASC,142,D Basic,Double Rare,https://limitlesstcg.nyc3.cdn.digitaloceanspaces.com/tpci/ASC/ASC_142_R_EN_LG.png
Pecharunt,ASC,143,D Basic,Rare,https://limitlesstcg.nyc3.cdn.digitaloceanspaces.com/tpci/ASC/ASC_143_R_EN_LG.png
Mawile,ASC,144,M Basic,Uncommon,https://limitlesstcg.nyc3.cdn.digitaloceanspaces.com/tpci/ASC/ASC_144_R_EN_LG.png
Registeel ex,ASC,145,M Basic,Double Rare,https://limitlesstcg.nyc3.cdn.digitaloceanspaces.com/tpci/ASC/ASC_145_R_EN_LG.png
Pawniard,ASC,146,M Basic,Common,https://limitlesstcg.nyc3.cdn.digitaloceanspaces.com/tpci/ASC/ASC_146_R_EN_LG.png
Bisharp,ASC,147,M Stage 1,Common,https://limitlesstcg.nyc3.cdn.digitaloceanspaces.com/tpci/ASC/ASC_147_R_EN_LG.png
Kingambit,ASC,148,M Stage 2,Rare,https://limitlesstcg.nyc3.cdn.digitaloceanspaces.com/tpci/ASC/ASC_148_R_EN_LG.png
Togedemaru ex,ASC,149,M Basic,Double Rare,https://limitlesstcg.nyc3.cdn.digitaloceanspaces.com/tpci/ASC/ASC_149_R_EN_LG.png
Dratini,ASC,150,N Basic,Common,https://limitlesstcg.nyc3.cdn.digitaloceanspaces.com/tpci/ASC/ASC_150_R_EN_LG.png
Dragonair,ASC,151,N Stage 1,Uncommon,https://limitlesstcg.nyc3.cdn.digitaloceanspaces.com/tpci/ASC/ASC_151_R_EN_LG.png
Mega Dragonite ex,ASC,152,N Stage 2,Double Rare,https://limitlesstcg.nyc3.cdn.digitaloceanspaces.com/tpci/ASC/ASC_152_R_EN_LG.png
Rayquaza,ASC,153,N Basic,Rare,https://limitlesstcg.nyc3.cdn.digitaloceanspaces.com/tpci/ASC/ASC_153_R_EN_LG.png
N's Reshiram,ASC,154,N Basic,Rare,https://limitlesstcg.nyc3.cdn.digitaloceanspaces.com/tpci/ASC/ASC_154_R_EN_LG.png
N's Zekrom,ASC,155,N Basic,Rare,https://limitlesstcg.nyc3.cdn.digitaloceanspaces.com/tpci/ASC/ASC_155_R_EN_LG.png
Noibat,ASC,156,N Basic,Common,https://limitlesstcg.nyc3.cdn.digitaloceanspaces.com/tpci/ASC/ASC_156_R_EN_LG.png
Noivern,ASC,157,N Stage 1,Uncommon,https://limitlesstcg.nyc3.cdn.digitaloceanspaces.com/tpci/ASC/ASC_157_R_EN_LG.png
Dreepy,ASC,158,N Basic,Common,https://limitlesstcg.nyc3.cdn.digitaloceanspaces.com/tpci/ASC/ASC_158_R_EN_LG.png
Drakloak,ASC,159,N Stage 1,Common,https://limitlesstcg.nyc3.cdn.digitaloceanspaces.com/tpci/ASC/ASC_159_R_EN_LG.png
Dragapult ex,ASC,160,N Stage 2,Double Rare,https://limitlesstcg.nyc3.cdn.digitaloceanspaces.com/tpci/ASC/ASC_160_R_EN_LG.png
Team Rocket's Meowth,ASC,161,C Basic,Common,https://limitlesstcg.nyc3.cdn.digitaloceanspaces.com/tpci/ASC/ASC_161_R_EN_LG.png
Team Rocket's Kangaskhan ex,ASC,162,C Basic,Double Rare,https://limitlesstcg.nyc3.cdn.digitaloceanspaces.com/tpci/ASC/ASC_162_R_EN_LG.png
Larry's Dunsparce,ASC,163,C Basic,Common,https://limitlesstcg.nyc3.cdn.digitaloceanspaces.com/tpci/ASC/ASC_163_R_EN_LG.png
Larry's Dudunsparce ex,ASC,164,C Stage 1,Double Rare,https://limitlesstcg.nyc3.cdn.digitaloceanspaces.com/tpci/ASC/ASC_164_R_EN_LG.png
Skitty,ASC,165,C Basic,Common,https://limitlesstcg.nyc3.cdn.digitaloceanspaces.com/tpci/ASC/ASC_165_R_EN_LG.png
Delcatty,ASC,166,C Stage 1,Uncommon,https://limitlesstcg.nyc3.cdn.digitaloceanspaces.com/tpci/ASC/ASC_166_R_EN_LG.png
Zangoose ex,ASC,167,C Basic,Double Rare,https://limitlesstcg.nyc3.cdn.digitaloceanspaces.com/tpci/ASC/ASC_167_R_EN_LG.png
Larry's Starly,ASC,168,C Basic,Common,https://limitlesstcg.nyc3.cdn.digitaloceanspaces.com/tpci/ASC/ASC_168_R_EN_LG.png
Larry's Staravia,ASC,169,C Stage 1,Uncommon,https://limitlesstcg.nyc3.cdn.digitaloceanspaces.com/tpci/ASC/ASC_169_R_EN_LG.png
Larry's Staraptor,ASC,170,C Stage 2,Rare,https://limitlesstcg.nyc3.cdn.digitaloceanspaces.com/tpci/ASC/ASC_170_R_EN_LG.png
Fan Rotom,ASC,171,C Basic,Common,https://limitlesstcg.nyc3.cdn.digitaloceanspaces.com/tpci/ASC/ASC_171_R_EN_LG.png
Mega Audino ex,ASC,172,C Basic,Double Rare,https://limitlesstcg.nyc3.cdn.digitaloceanspaces.com/tpci/ASC/ASC_172_R_EN_LG.png
Larry's Rufflet,ASC,173,C Basic,Common,https://limitlesstcg.nyc3.cdn.digitaloceanspaces.com/tpci/ASC/ASC_173_R_EN_LG.png
Larry's Braviary,ASC,174,C Stage 1,Uncommon,https://limitlesstcg.nyc3.cdn.digitaloceanspaces.com/tpci/ASC/ASC_174_R_EN_LG.png
Larry's Komala,ASC,175,C Basic,Common,https://limitlesstcg.nyc3.cdn.digitaloceanspaces.com/tpci/ASC/ASC_175_R_EN_LG.png
Drampa,ASC,176,C Basic,Uncommon,https://limitlesstcg.nyc3.cdn.digitaloceanspaces.com/tpci/ASC/ASC_176_R_EN_LG.png
Hop's Cramorant,ASC,177,C Basic,Uncommon,https://limitlesstcg.nyc3.cdn.digitaloceanspaces.com/tpci/ASC/ASC_177_R_EN_LG.png
Terapagos,ASC,178,C Basic,Rare,https://limitlesstcg.nyc3.cdn.digitaloceanspaces.com/tpci/ASC/ASC_178_R_EN_LG.png
Terapagos ex,ASC,179,C Basic,Double Rare,https://limitlesstcg.nyc3.cdn.digitaloceanspaces.com/tpci/ASC/ASC_179_R_EN_LG.png
Acerola's Mischief,ASC,180,Supporter,Uncommon,https://limitlesstcg.nyc3.cdn.digitaloceanspaces.com/tpci/ASC/ASC_180_R_EN_LG.png
Air Balloon,ASC,181,Tool,Uncommon,https://limitlesstcg.nyc3.cdn.digitaloceanspaces.com/tpci/ASC/ASC_181_R_EN_LG.png
Anthea & Concordia,ASC,182,Supporter,Uncommon,https://limitlesstcg.nyc3.cdn.digitaloceanspaces.com/tpci/ASC/ASC_182_R_EN_LG.png
Boss's Orders,ASC,183,Supporter,Uncommon,https://limitlesstcg.nyc3.cdn.digitaloceanspaces.com/tpci/ASC/ASC_183_R_EN_LG.png
Buddy-Buddy Poffin,ASC,184,Item,Common,https://limitlesstcg.nyc3.cdn.digitaloceanspaces.com/tpci/ASC/ASC_184_R_EN_LG.png
Canari,ASC,185,Supporter,Uncommon,https://limitlesstcg.nyc3.cdn.digitaloceanspaces.com/tpci/ASC/ASC_185_R_EN_LG.png
Counter Gain,ASC,186,Tool,Common,https://limitlesstcg.nyc3.cdn.digitaloceanspaces.com/tpci/ASC/ASC_186_R_EN_LG.png
Fighting Gong,ASC,187,Item,Uncommon,https://limitlesstcg.nyc3.cdn.digitaloceanspaces.com/tpci/ASC/ASC_187_R_EN_LG.png
Forest of Vitality,ASC,188,Stadium,Uncommon,https://limitlesstcg.nyc3.cdn.digitaloceanspaces.com/tpci/ASC/ASC_188_R_EN_LG.png
Glass Trumpet,ASC,189,Item,Common,https://limitlesstcg.nyc3.cdn.digitaloceanspaces.com/tpci/ASC/ASC_189_R_EN_LG.png
Iris's Fighting Spirit,ASC,190,Supporter,Uncommon,https://limitlesstcg.nyc3.cdn.digitaloceanspaces.com/tpci/ASC/ASC_190_R_EN_LG.png
Light Ball,ASC,191,Tool,Uncommon,https://limitlesstcg.nyc3.cdn.digitaloceanspaces.com/tpci/ASC/ASC_191_R_EN_LG.png
Lillie's Determination,ASC,192,Supporter,Uncommon,https://limitlesstcg.nyc3.cdn.digitaloceanspaces.com/tpci/ASC/ASC_192_R_EN_LG.png
Mega Signal,ASC,193,Item,Common,https://limitlesstcg.nyc3.cdn.digitaloceanspaces.com/tpci/ASC/ASC_193_R_EN_LG.png
Mystery Garden,ASC,194,Stadium,Uncommon,https://limitlesstcg.nyc3.cdn.digitaloceanspaces.com/tpci/ASC/ASC_194_R_EN_LG.png
N's PP Up,ASC,195,Item,Uncommon,https://limitlesstcg.nyc3.cdn.digitaloceanspaces.com/tpci/ASC/ASC_195_R_EN_LG.png
Night Stretcher,ASC,196,Item,Common,https://limitlesstcg.nyc3.cdn.digitaloceanspaces.com/tpci/ASC/ASC_196_R_EN_LG.png
Nighttime Mine,ASC,197,Stadium,Uncommon,https://limitlesstcg.nyc3.cdn.digitaloceanspaces.com/tpci/ASC/ASC_197_R_EN_LG.png
Poké Pad,ASC,198,Item,Common,https://limitlesstcg.nyc3.cdn.digitaloceanspaces.com/tpci/ASC/ASC_198_R_EN_LG.png
Premium Power Pro,ASC,199,Item,Uncommon,https://limitlesstcg.nyc3.cdn.digitaloceanspaces.com/tpci/ASC/ASC_199_R_EN_LG.png
Surfer,ASC,200,Supporter,Common,https://limitlesstcg.nyc3.cdn.digitaloceanspaces.com/tpci/ASC/ASC_200_R_EN_LG.png
Team Rocket's Archer,ASC,201,Supporter,Uncommon,https://limitlesstcg.nyc3.cdn.digitaloceanspaces.com/tpci/ASC/ASC_201_R_EN_LG.png
Team Rocket's Ariana,ASC,202,Supporter,Uncommon,https://limitlesstcg.nyc3.cdn.digitaloceanspaces.com/tpci/ASC/ASC_202_R_EN_LG.png
Team Rocket's Factory,ASC,203,Stadium,Uncommon,https://limitlesstcg.nyc3.cdn.digitaloceanspaces.com/tpci/ASC/ASC_203_R_EN_LG.png
Team Rocket's Giovanni,ASC,204,Supporter,Uncommon,https://limitlesstcg.nyc3.cdn.digitaloceanspaces.com/tpci/ASC/ASC_204_R_EN_LG.png
Team Rocket's Great Ball,ASC,205,Item,Uncommon,https://limitlesstcg.nyc3.cdn.digitaloceanspaces.com/tpci/ASC/ASC_205_R_EN_LG.png
Team Rocket's Hypnotizer,ASC,206,Tool,Uncommon,https://limitlesstcg.nyc3.cdn.digitaloceanspaces.com/tpci/ASC/ASC_206_R_EN_LG.png
Team Rocket's Petrel,ASC,207,Supporter,Uncommon,https://limitlesstcg.nyc3.cdn.digitaloceanspaces.com/tpci/ASC/ASC_207_R_EN_LG.png
Team Rocket's Proton,ASC,208,Supporter,Uncommon,https://limitlesstcg.nyc3.cdn.digitaloceanspaces.com/tpci/ASC/ASC_208_R_EN_LG.png
Team Rocket's Transceiver,ASC,209,Item,Uncommon,https://limitlesstcg.nyc3.cdn.digitaloceanspaces.com/tpci/ASC/ASC_209_R_EN_LG.png
Team Rocket's Watchtower,ASC,210,Stadium,Uncommon,https://limitlesstcg.nyc3.cdn.digitaloceanspaces.com/tpci/ASC/ASC_210_R_EN_LG.png
Thick Scale,ASC,211,Tool,Uncommon,https://limitlesstcg.nyc3.cdn.digitaloceanspaces.com/tpci/ASC/ASC_211_R_EN_LG.png
Tool Scrapper,ASC,212,Item,Common,https://limitlesstcg.nyc3.cdn.digitaloceanspaces.com/tpci/ASC/ASC_212_R_EN_LG.png
Ultra Ball,ASC,213,Item,Common,https://limitlesstcg.nyc3.cdn.digitaloceanspaces.com/tpci/ASC/ASC_213_R_EN_LG.png
Urbain,ASC,214,Supporter,Uncommon,https://limitlesstcg.nyc3.cdn.digitaloceanspaces.com/tpci/ASC/ASC_214_R_EN_LG.png
Waitress,ASC,215,Supporter,Common,https://limitlesstcg.nyc3.cdn.digitaloceanspaces.com/tpci/ASC/ASC_215_R_EN_LG.png
Prism Energy,ASC,216,Special Energy,Uncommon,https://limitlesstcg.nyc3.cdn.digitaloceanspaces.com/tpci/ASC/ASC_216_R_EN_LG.png
Team Rocket's Energy,ASC,217,Special Energy,Uncommon,https://limitlesstcg.nyc3.cdn.digitaloceanspaces.com/tpci/ASC/ASC_217_R_EN_LG.png
Erika's Tangela,ASC,218,G Basic,Art Rare,https://limitlesstcg.nyc3.cdn.digitaloceanspaces.com/tpci/ASC/ASC_218_R_EN_LG.png
Beautifly,ASC,219,G Stage 2,Art Rare,https://limitlesstcg.nyc3.cdn.digitaloceanspaces.com/tpci/ASC/ASC_219_R_EN_LG.png
Dustox,ASC,220,G Stage 2,Art Rare,https://limitlesstcg.nyc3.cdn.digitaloceanspaces.com/tpci/ASC/ASC_220_R_EN_LG.png
Budew,ASC,221,G Basic,Art Rare,https://limitlesstcg.nyc3.cdn.digitaloceanspaces.com/tpci/ASC/ASC_221_R_EN_LG.png
Ethan's Magcargo,ASC,222,R Stage 1,Art Rare,https://limitlesstcg.nyc3.cdn.digitaloceanspaces.com/tpci/ASC/ASC_222_R_EN_LG.png
Numel,ASC,223,R Basic,Art Rare,https://limitlesstcg.nyc3.cdn.digitaloceanspaces.com/tpci/ASC/ASC_223_R_EN_LG.png
Salazzle,ASC,224,R Stage 1,Art Rare,https://limitlesstcg.nyc3.cdn.digitaloceanspaces.com/tpci/ASC/ASC_224_R_EN_LG.png
Scorbunny,ASC,225,R Basic,Art Rare,https://limitlesstcg.nyc3.cdn.digitaloceanspaces.com/tpci/ASC/ASC_225_R_EN_LG.png
Psyduck,ASC,226,W Basic,Art Rare,https://limitlesstcg.nyc3.cdn.digitaloceanspaces.com/tpci/ASC/ASC_226_R_EN_LG.png
Snorunt,ASC,227,W Basic,Art Rare,https://limitlesstcg.nyc3.cdn.digitaloceanspaces.com/tpci/ASC/ASC_227_R_EN_LG.png
Weavile,ASC,228,W Stage 1,Art Rare,https://limitlesstcg.nyc3.cdn.digitaloceanspaces.com/tpci/ASC/ASC_228_R_EN_LG.png
Heliolisk,ASC,229,L Stage 1,Art Rare,https://limitlesstcg.nyc3.cdn.digitaloceanspaces.com/tpci/ASC/ASC_229_R_EN_LG.png
Vikavolt,ASC,230,L Stage 2,Art Rare,https://limitlesstcg.nyc3.cdn.digitaloceanspaces.com/tpci/ASC/ASC_230_R_EN_LG.png
Iono's Wattrel,ASC,231,L Basic,Art Rare,https://limitlesstcg.nyc3.cdn.digitaloceanspaces.com/tpci/ASC/ASC_231_R_EN_LG.png
Marill,ASC,232,P Basic,Art Rare,https://limitlesstcg.nyc3.cdn.digitaloceanspaces.com/tpci/ASC/ASC_232_R_EN_LG.png
Misdreavus,ASC,233,P Basic,Art Rare,https://limitlesstcg.nyc3.cdn.digitaloceanspaces.com/tpci/ASC/ASC_233_R_EN_LG.png
Banette,ASC,234,P Stage 1,Art Rare,https://limitlesstcg.nyc3.cdn.digitaloceanspaces.com/tpci/ASC/ASC_234_R_EN_LG.png
Togekiss,ASC,235,P Stage 2,Art Rare,https://limitlesstcg.nyc3.cdn.digitaloceanspaces.com/tpci/ASC/ASC_235_R_EN_LG.png
Slurpuff,ASC,236,P Stage 1,Art Rare,https://limitlesstcg.nyc3.cdn.digitaloceanspaces.com/tpci/ASC/ASC_236_R_EN_LG.png
Hop's Trevenant,ASC,237,P Stage 1,Art Rare,https://limitlesstcg.nyc3.cdn.digitaloceanspaces.com/tpci/ASC/ASC_237_R_EN_LG.png
Team Rocket's Mimikyu,ASC,238,P Basic,Art Rare,https://limitlesstcg.nyc3.cdn.digitaloceanspaces.com/tpci/ASC/ASC_238_R_EN_LG.png
Team Rocket's Dugtrio,ASC,239,F Stage 1,Art Rare,https://limitlesstcg.nyc3.cdn.digitaloceanspaces.com/tpci/ASC/ASC_239_R_EN_LG.png
Hitmontop,ASC,240,F Basic,Art Rare,https://limitlesstcg.nyc3.cdn.digitaloceanspaces.com/tpci/ASC/ASC_240_R_EN_LG.png
Medicham,ASC,241,F Stage 1,Art Rare,https://limitlesstcg.nyc3.cdn.digitaloceanspaces.com/tpci/ASC/ASC_241_R_EN_LG.png
Carbink,ASC,242,F Basic,Art Rare,https://limitlesstcg.nyc3.cdn.digitaloceanspaces.com/tpci/ASC/ASC_242_R_EN_LG.png
Mightyena,ASC,243,D Stage 1,Art Rare,https://limitlesstcg.nyc3.cdn.digitaloceanspaces.com/tpci/ASC/ASC_243_R_EN_LG.png
Cynthia's Spiritomb,ASC,244,D Basic,Art Rare,https://limitlesstcg.nyc3.cdn.digitaloceanspaces.com/tpci/ASC/ASC_244_R_EN_LG.png
Galarian Obstagoon,ASC,245,D Stage 2,Art Rare,https://limitlesstcg.nyc3.cdn.digitaloceanspaces.com/tpci/ASC/ASC_245_R_EN_LG.png
Mawile,ASC,246,M Basic,Art Rare,https://limitlesstcg.nyc3.cdn.digitaloceanspaces.com/tpci/ASC/ASC_246_R_EN_LG.png
Dreepy,ASC,247,N Basic,Art Rare,https://limitlesstcg.nyc3.cdn.digitaloceanspaces.com/tpci/ASC/ASC_247_R_EN_LG.png
Drakloak,ASC,248,N Stage 1,Art Rare,https://limitlesstcg.nyc3.cdn.digitaloceanspaces.com/tpci/ASC/ASC_248_R_EN_LG.png
Larry's Staraptor,ASC,249,C Stage 2,Art Rare,https://limitlesstcg.nyc3.cdn.digitaloceanspaces.com/tpci/ASC/ASC_249_R_EN_LG.png
Fan Rotom,ASC,250,C Basic,Art Rare,https://limitlesstcg.nyc3.cdn.digitaloceanspaces.com/tpci/ASC/ASC_250_R_EN_LG.png
Sprigatito ex,ASC,251,G Basic,Ultra Rare,https://limitlesstcg.nyc3.cdn.digitaloceanspaces.com/tpci/ASC/ASC_251_R_EN_LG.png
Stunfisk ex,ASC,252,F Basic,Ultra Rare,https://limitlesstcg.nyc3.cdn.digitaloceanspaces.com/tpci/ASC/ASC_252_R_EN_LG.png
Mega Audino ex,ASC,253,C Basic,Ultra Rare,https://limitlesstcg.nyc3.cdn.digitaloceanspaces.com/tpci/ASC/ASC_253_R_EN_LG.png
Anthea & Concordia,ASC,254,Supporter,Ultra Rare,https://limitlesstcg.nyc3.cdn.digitaloceanspaces.com/tpci/ASC/ASC_254_R_EN_LG.png
Black Belt's Training,ASC,255,Supporter,Ultra Rare,https://limitlesstcg.nyc3.cdn.digitaloceanspaces.com/tpci/ASC/ASC_255_R_EN_LG.png
Boss's Orders,ASC,256,Supporter,Ultra Rare,https://limitlesstcg.nyc3.cdn.digitaloceanspaces.com/tpci/ASC/ASC_256_R_EN_LG.png
Canari,ASC,257,Supporter,Ultra Rare,https://limitlesstcg.nyc3.cdn.digitaloceanspaces.com/tpci/ASC/ASC_257_R_EN_LG.png
Cheren,ASC,258,Supporter,Ultra Rare,https://limitlesstcg.nyc3.cdn.digitaloceanspaces.com/tpci/ASC/ASC_258_R_EN_LG.png
Counter Gain,ASC,259,Tool,Ultra Rare,https://limitlesstcg.nyc3.cdn.digitaloceanspaces.com/tpci/ASC/ASC_259_R_EN_LG.png
Glass Trumpet,ASC,260,Item,Ultra Rare,https://limitlesstcg.nyc3.cdn.digitaloceanspaces.com/tpci/ASC/ASC_260_R_EN_LG.png
Jamming Tower,ASC,261,Stadium,Ultra Rare,https://limitlesstcg.nyc3.cdn.digitaloceanspaces.com/tpci/ASC/ASC_261_R_EN_LG.png
N's PP Up,ASC,262,Item,Ultra Rare,https://limitlesstcg.nyc3.cdn.digitaloceanspaces.com/tpci/ASC/ASC_262_R_EN_LG.png
Team Rocket's Transceiver,ASC,263,Item,Ultra Rare,https://limitlesstcg.nyc3.cdn.digitaloceanspaces.com/tpci/ASC/ASC_263_R_EN_LG.png
Ultra Ball,ASC,264,Item,Ultra Rare,https://limitlesstcg.nyc3.cdn.digitaloceanspaces.com/tpci/ASC/ASC_264_R_EN_LG.png
Mega Froslass ex,ASC,265,W Stage 1,Ultra Rare,https://limitlesstcg.nyc3.cdn.digitaloceanspaces.com/tpci/ASC/ASC_265_R_EN_LG.png
Mega Eelektross ex,ASC,266,L Stage 2,Ultra Rare,https://limitlesstcg.nyc3.cdn.digitaloceanspaces.com/tpci/ASC/ASC_266_R_EN_LG.png
Mega Diancie ex,ASC,267,P Basic,Ultra Rare,https://limitlesstcg.nyc3.cdn.digitaloceanspaces.com/tpci/ASC/ASC_267_R_EN_LG.png
Mega Hawlucha ex,ASC,268,F Basic,Ultra Rare,https://limitlesstcg.nyc3.cdn.digitaloceanspaces.com/tpci/ASC/ASC_268_R_EN_LG.png
Mega Gengar ex,ASC,269,D Stage 2,Ultra Rare,https://limitlesstcg.nyc3.cdn.digitaloceanspaces.com/tpci/ASC/ASC_269_R_EN_LG.png
Mega Scrafty ex,ASC,270,D Stage 1,Ultra Rare,https://limitlesstcg.nyc3.cdn.digitaloceanspaces.com/tpci/ASC/ASC_270_R_EN_LG.png
Mega Dragonite ex,ASC,271,N Stage 2,Ultra Rare,https://limitlesstcg.nyc3.cdn.digitaloceanspaces.com/tpci/ASC/ASC_271_R_EN_LG.png
Mega Meganium ex,ASC,272,G Stage 2,Special Art Rare,https://limitlesstcg.nyc3.cdn.digitaloceanspaces.com/tpci/ASC/ASC_272_R_EN_LG.png
Mega Emboar ex,ASC,273,R Stage 2,Special Art Rare,https://limitlesstcg.nyc3.cdn.digitaloceanspaces.com/tpci/ASC/ASC_273_R_EN_LG.png
Mega Feraligatr ex,ASC,274,W Stage 2,Special Art Rare,https://limitlesstcg.nyc3.cdn.digitaloceanspaces.com/tpci/ASC/ASC_274_R_EN_LG.png
Mega Froslass ex,ASC,275,W Stage 1,Special Art Rare,https://limitlesstcg.nyc3.cdn.digitaloceanspaces.com/tpci/ASC/ASC_275_R_EN_LG.png
Pikachu ex,ASC,276,L Basic,Special Art Rare,https://limitlesstcg.nyc3.cdn.digitaloceanspaces.com/tpci/ASC/ASC_276_R_EN_LG.png
Pikachu ex,ASC,277,L Basic,Special Art Rare,https://limitlesstcg.nyc3.cdn.digitaloceanspaces.com/tpci/ASC/ASC_277_R_EN_LG.png
Mega Eelektross ex,ASC,278,L Stage 2,Special Art Rare,https://limitlesstcg.nyc3.cdn.digitaloceanspaces.com/tpci/ASC/ASC_278_R_EN_LG.png
Iono's Bellibolt ex,ASC,279,L Stage 1,Special Art Rare,https://limitlesstcg.nyc3.cdn.digitaloceanspaces.com/tpci/ASC/ASC_279_R_EN_LG.png
Lillie's Clefairy ex,ASC,280,P Basic,Special Art Rare,https://limitlesstcg.nyc3.cdn.digitaloceanspaces.com/tpci/ASC/ASC_280_R_EN_LG.png
Team Rocket's Mewtwo ex,ASC,281,P Basic,Special Art Rare,https://limitlesstcg.nyc3.cdn.digitaloceanspaces.com/tpci/ASC/ASC_281_R_EN_LG.png
Mega Diancie ex,ASC,282,P Basic,Special Art Rare,https://limitlesstcg.nyc3.cdn.digitaloceanspaces.com/tpci/ASC/ASC_282_R_EN_LG.png
Mega Hawlucha ex,ASC,283,F Basic,Special Art Rare,https://limitlesstcg.nyc3.cdn.digitaloceanspaces.com/tpci/ASC/ASC_283_R_EN_LG.png
Mega Gengar ex,ASC,284,D Stage 2,Special Art Rare,https://limitlesstcg.nyc3.cdn.digitaloceanspaces.com/tpci/ASC/ASC_284_R_EN_LG.png
Mega Scrafty ex,ASC,285,D Stage 1,Special Art Rare,https://limitlesstcg.nyc3.cdn.digitaloceanspaces.com/tpci/ASC/ASC_285_R_EN_LG.png
N's Zoroark ex,ASC,286,D Stage 1,Special Art Rare,https://limitlesstcg.nyc3.cdn.digitaloceanspaces.com/tpci/ASC/ASC_286_R_EN_LG.png
Marnie's Grimmsnarl ex,ASC,287,D Stage 2,Special Art Rare,https://limitlesstcg.nyc3.cdn.digitaloceanspaces.com/tpci/ASC/ASC_287_R_EN_LG.png
Fezandipiti ex,ASC,288,D Basic,Special Art Rare,https://limitlesstcg.nyc3.cdn.digitaloceanspaces.com/tpci/ASC/ASC_288_R_EN_LG.png
Steven's Metagross ex,ASC,289,M Stage 2,Special Art Rare,https://limitlesstcg.nyc3.cdn.digitaloceanspaces.com/tpci/ASC/ASC_289_R_EN_LG.png
Mega Dragonite ex,ASC,290,N Stage 2,Special Art Rare,https://limitlesstcg.nyc3.cdn.digitaloceanspaces.com/tpci/ASC/ASC_290_R_EN_LG.png
Canari,ASC,291,Supporter,Special Art Rare,https://limitlesstcg.nyc3.cdn.digitaloceanspaces.com/tpci/ASC/ASC_291_R_EN_LG.png
Iris's Fighting Spirit,ASC,292,Supporter,Special Art Rare,https://limitlesstcg.nyc3.cdn.digitaloceanspaces.com/tpci/ASC/ASC_292_R_EN_LG.png
Surfer,ASC,293,Supporter,Special Art Rare,https://limitlesstcg.nyc3.cdn.digitaloceanspaces.com/tpci/ASC/ASC_293_R_EN_LG.png
Mega Charizard Y ex,ASC,294,R Stage 2,Secret Rare,https://limitlesstcg.nyc3.cdn.digitaloceanspaces.com/tpci/ASC/ASC_294_R_EN_LG.png
Mega Dragonite ex,ASC,295,N Stage 2,Secret Rare,https://limitlesstcg.nyc3.cdn.digitaloceanspaces.com/tpci/ASC/ASC_295_R_EN_LG.png
